name,neighbourhood_group_cleansed,latitude,longitude,accommodates,bathrooms_text,bedrooms,price,availability_30,availability_60,availability_90,availability_365,review_scores_rating,review_scores_accuracy,review_scores_cleanliness,review_scores_checkin,review_scores_communication,review_scores_location,review_scores_value,reviews_per_month
Home Away  From Home By JFK & USB Arena,Queens,40.6556073,-73.8289375,6,2.0,3.0,171.0,11,31,54,317,5.0,5.0,4.97,4.97,5.0,4.81,4.86,4.93
Spacious bedroom in Oversized Apt.,Manhattan,40.77143,-73.94797,1,1.0,1.0,150.0,25,55,85,85,5.0,5.0,5.0,5.0,5.0,5.0,5.0,0.02
138 Bowery-King Suite w. Living Room Space,Manhattan,40.72027,-73.99374,2,1.0,1.0,200.0,3,4,28,28,4.68,4.84,4.8,4.88,4.6,4.88,4.64,0.9
Cute Private Rm 15 min JFK/LGA,Queens,40.70639039783757,-73.8162842723957,1,1.0,1.0,55.0,20,50,80,355,4.67,5.0,4.67,4.67,5.0,5.0,5.0,1.36
Quiet Comfortable private room by Times Square,Manhattan,40.76109,-73.9898,1,1.0,1.0,112.0,15,45,59,80,4.96,4.98,4.94,4.96,4.98,5.0,4.82,2.46
Sunny and Stylish on the Park,Brooklyn,40.72151,-73.94878,4,1.0,2.0,270.0,0,0,0,0,5.0,5.0,5.0,5.0,4.75,4.92,4.83,0.13
One BR duplex loft in midtown east townhouse - 44,Manhattan,40.7603,-73.96462,2,1.0,1.0,159.0,0,30,60,271,4.94,5.0,5.0,5.0,4.89,5.0,4.89,0.29
Spacious and Bright in Hamilton Heights,Manhattan,40.8289,-73.94887,4,1.0,2.0,89.0,0,0,0,25,5.0,5.0,5.0,4.89,5.0,5.0,5.0,0.13
Peaceful and clean,Bronx,40.85841,-73.8989,2,1.0,1.0,90.0,30,60,90,365,5.0,5.0,5.0,5.0,5.0,4.67,5.0,0.14
Great Views on Upper West Side,Manhattan,40.78711,-73.97155,3,2.0,2.0,375.0,2,3,3,264,4.93,4.93,5.0,5.0,5.0,5.0,4.87,0.14
Very close to Downtown Awesome Room,Brooklyn,40.60402,-73.97038,2,1.0,1.0,113.0,30,60,90,365,4.83,4.86,4.78,4.9,4.91,4.82,4.77,0.92
Brooklyn Brownstone full floor ProspectPark 900sft,Brooklyn,40.65975,-73.9572,4,1.0,1.0,315.0,24,46,51,236,4.77,4.86,4.64,4.91,4.94,4.77,4.77,0.94
Spacious and Bright 2 bd Waterfront Williamsburg,Brooklyn,40.71672,-73.9667,5,1.0,2.0,204.0,0,0,0,0,4.95,5.0,4.89,5.0,5.0,5.0,4.89,0.47
2 Bedroom in Upper West right next to Central Park,Manhattan,40.79889,-73.96186,5,1.0,2.0,345.0,30,60,90,365,4.86,4.9,4.93,4.82,4.85,4.81,4.77,1.11
Very close to Manhattan!!! Muy cerca de Manhattan,Queens,40.7568,-73.91448,2,1.0,1.0,69.0,25,55,85,360,4.73,4.82,4.59,4.86,4.88,4.86,4.72,1.57
Union Square Apartment + Private Backyard,Manhattan,40.73318,-73.98752,2,1.0,1.0,97.0,0,0,0,0,4.59,4.55,4.6,4.92,4.68,4.98,4.63,0.64
Spacious Ocean-Side Studio in Brooklyn w/Parking,Brooklyn,40.5999,-74.0044,2,1.0,1.0,79.0,17,17,37,280,4.91,4.91,4.91,4.95,4.93,4.84,4.79,1.36
Room in Jackson Heights (Queens),Queens,40.75684,-73.87709,2,1.0,1.0,36.0,17,34,48,222,4.73,4.92,4.77,4.88,4.85,4.69,4.88,0.35
Large one-bedroom in of Manhattan mid-town west,Manhattan,40.76328,-73.99295,2,1.0,1.0,190.0,0,0,0,0,5.0,5.0,4.94,5.0,4.97,4.97,4.97,0.45
Super Stylish & Spacious Manhattan Apartment,Manhattan,40.71345,-73.99912,4,1.0,2.0,219.0,0,7,19,231,4.7,4.64,4.64,4.82,4.94,4.68,4.55,1.8
Classic Brooklyn room in brownstone neighborhood,Brooklyn,40.68687,-73.93001,2,1.0,1.0,60.0,0,0,0,0,5.0,5.0,5.0,5.0,5.0,5.0,5.0,0.02
Hip Trendy and Convenient!,Brooklyn,40.69433,-73.94808,2,2.0,1.0,65.0,14,14,14,14,4.73,4.83,4.65,4.97,4.87,4.65,4.8,1.44
Apartment/ private terrace midtown NYC,Manhattan,40.75894848549326,-73.97584564983845,2,1.0,1.0,270.0,15,26,35,94,4.57,4.57,4.86,4.71,5.0,4.71,4.71,3.13
Peaceful Luxury Condo min. from LaGuardia Airport,Queens,40.79178,-73.84608,4,1.0,2.0,114.0,30,60,90,364,5.0,5.0,5.0,5.0,5.0,5.0,5.0,0.42
Ggâ€™s Guest Room,Bronx,40.83171,-73.93003,1,1.0,1.0,100.0,30,60,90,365,5.0,5.0,5.0,5.0,5.0,5.0,5.0,0.07
Lovely 3 bedroom condo on the UES upper Manhattan,Manhattan,40.78665,-73.94124,2,1.5,1.0,100.0,8,15,18,280,4.94,4.85,4.76,4.91,4.94,4.53,4.82,2.2
Private bedroom in luxury loft,Brooklyn,40.71263,-73.947,1,1.0,1.0,125.0,11,11,15,99,5.0,5.0,5.0,5.0,5.0,5.0,5.0,0.91
"Nolita 1 Bedroom, Elevator, Pvt Balcony",Manhattan,40.72482,-73.99317,2,1.0,1.0,265.0,0,0,0,0,5.0,5.0,5.0,4.86,5.0,5.0,4.93,0.48
Modern  Brownstone Brooklyn Apt with Backyard,Brooklyn,40.68862,-73.90912,7,1.5,3.0,148.0,9,13,19,183,4.81,4.88,4.72,4.92,4.93,4.72,4.79,3.28
Beautiful Bedroom by Prospect Park,Brooklyn,40.65262,-73.96508,1,1.0,1.0,48.0,0,0,0,0,5.0,5.0,5.0,5.0,5.0,5.0,5.0,0.01
High Floor apt.near Columbus Circle,Manhattan,40.76731,-73.98437,2,1.0,1.0,180.0,0,24,32,258,4.97,4.99,5.0,4.99,5.0,4.97,4.9,1.21
AMBARâ€™s room ny beautiful spacious,Bronx,40.84823,-73.92493,2,1.0,1.0,46.0,13,33,63,335,4.94,4.94,4.94,4.97,4.97,4.55,4.94,3.3
2BD/1BA available in 3BD duplex condo in BedStuy!,Brooklyn,40.69104,-73.92523,4,1.0,1.0,182.0,0,0,0,248,5.0,5.0,5.0,5.0,5.0,5.0,5.0,0.12
Historic and Family Oriented 1 Bedroom Apartment,Brooklyn,40.67832,-73.91148,3,1.0,1.0,105.0,28,51,75,349,4.76,4.85,4.75,4.91,4.94,4.63,4.72,3.77
Eclectic space in Prime Williamsburg,Brooklyn,40.71162,-73.9639,2,1.0,1.0,125.0,0,0,0,0,4.69,4.92,4.54,4.92,5.0,4.92,4.75,0.15
Magical 3-bed/3-bath fabulous views,Brooklyn,40.73264,-73.95394,5,3.0,3.0,350.0,0,0,0,0,4.6,5.0,4.6,5.0,5.0,5.0,4.8,0.06
"Libby's Comfy, cozy getaway",Brooklyn,40.67355,-73.95286,5,1.0,2.0,95.0,0,0,0,217,5.0,5.0,5.0,5.0,5.0,5.0,5.0,0.28
1 Bedroom Apt in Lovely Upper West Side Townhouse,Manhattan,40.78252,-73.98368,2,1.0,1.0,135.0,2,28,58,333,5.0,5.0,5.0,5.0,4.75,4.75,4.75,0.39
private room in Crown heights,Brooklyn,40.67434,-73.92954,2,1.0,1.0,65.0,26,48,77,77,4.77,4.85,4.77,4.92,5.0,4.62,4.62,1.23
Sunny bedroom in renovated East Village APT,Manhattan,40.72269,-73.97959,1,1.0,1.0,90.0,3,11,17,17,4.85,4.88,4.81,4.77,4.79,4.81,4.83,5.54
Beautiful Bronx Private Room for Med Students,Bronx,40.88279,-73.89765,1,1.0,1.0,54.0,17,22,52,141,4.92,5.0,4.85,4.92,4.92,4.85,4.85,0.37
West Village/Meatpacking Loft!,Manhattan,40.73891,-74.0058,5,1.5,1.0,385.0,0,0,0,0,5.0,5.0,5.0,5.0,5.0,5.0,5.0,0.03
Stylish & Spacious 1BD in Central Harlem!,Manhattan,40.81453,-73.94275,4,1.0,1.0,165.0,2,17,36,79,4.79,4.95,4.66,4.79,4.89,4.66,4.61,0.62
Colorful Brooklyn Garden Casita,Brooklyn,40.65722,-73.97855,4,1.0,1.0,175.0,10,19,23,249,4.98,4.99,5.0,4.99,5.0,4.97,4.92,2.81
"CLEAN, Crisp, Comfy Large 1 bd in Williamsburg",Brooklyn,40.71178,-73.95041,2,1.0,1.0,75.0,0,0,0,0,5.0,5.0,5.0,5.0,5.0,5.0,5.0,0.25
Colorful Artsy One Bedroom Apartment,Brooklyn,40.68741,-73.91713,2,1.0,1.0,82.0,0,0,0,0,5.0,5.0,5.0,5.0,5.0,5.0,5.0,0.26
Private bedroom & bathroom in beautiful BK Apt,Brooklyn,40.67454,-73.95051,2,1.0,1.0,120.0,24,24,24,24,4.83,4.96,4.57,5.0,5.0,4.65,4.7,1.61
Gorgeous Modern Bedroom! *Not Shared*,Brooklyn,40.64908,-73.92653,2,1.0,1.0,112.0,24,49,79,79,4.94,4.89,4.95,4.93,4.97,4.78,4.86,3.24
Garden Oasis Suite in bustling,Queens,40.77608698727423,-73.90675748124836,5,1.0,2.0,99.0,19,28,37,44,5.0,5.0,5.0,5.0,5.0,5.0,5.0,1.41
Cozy Private Room w/ 1 Queen Bedï¼Œ Close to NYP,Queens,40.74981,-73.82785,2,2.0,1.0,43.0,24,54,84,174,4.51,4.66,4.66,4.78,4.65,4.54,4.59,1.56
Marlborough Road Air BnB,Brooklyn,40.64229,-73.96565,4,1.0,1.0,100.0,0,1,1,130,4.78,4.93,4.71,4.97,4.93,4.9,4.81,1.17
Cozy private room in NYC  25 mins from Midtown,Queens,40.75336,-73.8833,2,1.0,1.0,60.0,0,0,0,0,5.0,5.0,5.0,5.0,5.0,5.0,5.0,0.04
Brooklyn one-bedroom right by Prospect Park!,Brooklyn,40.65958,-73.96118,4,1.0,1.0,110.0,30,60,90,365,4.85,5.0,4.82,5.0,5.0,4.82,4.73,0.11
Lovely 2 bedrooms rental unit,Brooklyn,40.625278,-73.9114,4,1.0,2.0,187.0,30,60,90,365,4.85,4.85,4.85,4.92,4.92,4.77,4.54,1.76
1 bedroom in 3 bedroom apartment,Brooklyn,40.68572,-73.95273,1,1.0,1.0,38.0,0,0,0,0,5.0,5.0,5.0,5.0,5.0,5.0,5.0,0.02
One bedroom in heart of West Village,Manhattan,40.73017,-74.00663,1,1.0,1.0,120.0,0,0,0,0,5.0,5.0,5.0,5.0,5.0,5.0,5.0,0.09
"Comfortable,3 bedroom, 2bath home away from home",Queens,40.69855,-73.7845,6,2.0,3.0,160.0,20,43,68,158,4.78,4.84,4.87,4.85,4.88,4.56,4.76,2.71
Ganga,Brooklyn,40.66065,-73.95911,4,1.0,1.0,108.0,0,3,4,110,5.0,4.86,4.71,4.86,5.0,5.0,5.0,0.56
2 Bedroom Close To Subway!,Brooklyn,40.66616,-73.93288,4,1.0,2.0,110.0,8,14,34,124,4.72,4.88,4.67,4.94,4.69,4.64,4.75,3.6
HELLO BROOKLYN| GYM | W/D| 1 BLK TO KINGS THEATRE!,Brooklyn,40.6479,-73.95481,2,1.0,1.0,175.0,0,15,29,274,4.94,4.96,4.99,4.99,4.99,4.72,4.93,5.32
Bright apt w Balcony in the heart of williamsburg,Brooklyn,40.71211,-73.95857,2,1.0,1.0,115.0,0,0,0,0,5.0,4.91,4.96,5.0,5.0,4.96,4.96,0.39
Best Location near Columbia U,Manhattan,40.8046,-73.96545,1,1.0,1.0,50.0,0,0,0,0,5.0,5.0,5.0,5.0,5.0,5.0,5.0,0.01
Location Astoria Park ( only female ),Queens,40.77221,-73.92885,1,1.0,1.0,43.0,29,59,89,364,5.0,5.0,5.0,5.0,5.0,5.0,5.0,0.02
Spacious Private Room and Bath in Little Italy,Bronx,40.85665,-73.88499,2,1.0,1.0,56.0,0,0,0,0,5.0,5.0,5.0,5.0,5.0,5.0,5.0,0.04
Home is where the heart is!,Brooklyn,40.67128599999999,-73.883729,4,1.0,3.0,178.0,27,57,87,267,5.0,5.0,5.0,5.0,5.0,5.0,5.0,1.0
Cozy Private Room. 15 min to Manhattan (Brooklyn),Queens,40.75351,-73.92638,2,1.0,1.0,77.0,6,13,27,27,4.88,5.0,4.88,5.0,4.94,4.81,4.94,3.4
BK NEST-Across Barclays & trains/City 10 mins away,Brooklyn,40.68052,-73.9749,4,1.0,1.0,175.0,4,16,40,315,4.76,4.83,4.82,4.87,4.86,4.98,4.75,2.18
"King Size Bed & Patio, 15 Mins from NYC Airports",Queens,40.72665,-73.80493,9,1.5,3.0,236.0,14,26,39,188,4.89,4.83,4.83,4.83,4.94,4.72,4.78,3.62
Townhouse with  private bathroom and lush backyard,Brooklyn,40.67249,-73.92292,2,1.5,1.0,70.0,0,0,0,0,4.94,4.94,4.76,4.94,4.94,4.71,5.0,0.28
Spacious and lovely 2 bedroom unit with patio.,Brooklyn,40.64355,-73.89694,4,1.0,2.0,149.0,30,60,89,89,5.0,5.0,5.0,5.0,5.0,5.0,5.0,0.73
Private bed and bath with yard,Brooklyn,40.68956,-73.94306,6,1.0,1.0,203.0,22,51,77,167,4.74,4.7,4.63,4.86,4.88,4.74,4.74,1.34
Spacious Private Bedroom,Bronx,40.89455,-73.89652,2,1.0,1.0,90.0,30,60,89,89,4.63,4.63,4.75,5.0,5.0,4.75,4.63,0.92
Private Sunny Room Queens NY St. Johnâ€™s University,Queens,40.72038,-73.79861,1,1.0,1.0,50.0,0,0,18,293,4.89,5.0,4.89,5.0,5.0,5.0,4.89,0.47
Linden's Nest 2,Queens,40.70165,-73.9097,1,1.0,1.0,100.0,0,13,43,318,4.88,5.0,4.92,4.92,4.96,4.63,4.96,2.48
Sweet Home you would enjoy--2A,Queens,40.75944,-73.81366,2,2.0,1.0,58.0,18,48,78,353,4.88,4.94,4.56,4.94,5.0,4.63,4.88,1.9
Williamsburg Modern Two-Floor 1 bedroom 1.5 baths,Brooklyn,40.71657,-73.95254,3,1.0,1.0,225.0,0,0,0,0,5.0,5.0,5.0,5.0,5.0,4.67,4.67,0.05
Renovated luxury apartment in great location,Queens,40.77087,-73.90654,4,1.0,2.0,185.0,25,55,85,115,4.99,5.0,4.96,4.99,4.99,4.8,4.92,2.13
Lovely Room In Bushwick,Brooklyn,40.69004,-73.91203,2,1.0,1.0,76.0,30,60,90,365,4.72,4.8,4.8,4.88,4.88,4.76,4.6,4.21
Charming Studio-Columbus Circle/Hellâ€™s Kitchen,Manhattan,40.76693,-73.98629,2,1.0,1.0,175.0,0,3,3,79,4.91,4.91,5.0,4.55,4.91,4.73,5.0,0.16
Cozy private bedroom perfect for light traveler,Queens,40.76588,-73.92616,2,1.0,1.0,60.0,18,48,78,353,4.78,4.8,4.76,4.93,4.87,4.78,4.62,4.91
The Comfy Blue Room with private bathroom,Brooklyn,40.68877,-73.91662,2,1.0,1.0,70.0,11,14,44,319,5.0,4.91,4.91,4.91,4.91,4.82,4.73,1.86
Gorgeous sunny prime SoHo 1BR Apt.,Manhattan,40.72823,-74.00126,4,1.0,1.0,299.0,30,60,90,365,4.88,4.83,4.91,4.95,4.99,5.0,4.59,0.79
Beautiful Large Room,Bronx,40.85172,-73.86706,2,1.0,1.0,42.0,0,0,0,0,4.51,4.86,4.6,4.71,4.54,4.56,4.74,1.46
STUNNING NYC VIEWS in 1-bedroom luxury apartment,Manhattan,40.76331,-73.99722,4,1.0,1.0,250.0,0,0,0,0,5.0,5.0,5.0,5.0,5.0,5.0,5.0,0.15
Lovely clean apartment,Brooklyn,40.68498,-73.93876,2,1.0,1.0,149.0,0,0,0,0,4.6,4.7,4.7,5.0,5.0,4.7,4.7,0.36
Private Comfortable BR in Ridgewood Queens 2FL-BR3,Queens,40.71131949999999,-73.9082014,2,1.5,1.0,75.0,30,60,90,365,5.0,5.0,5.0,5.0,5.0,5.0,5.0,0.86
Minimalist style 1 bedroom in Queens,Queens,40.7469156,-73.8750019,2,1.0,1.0,150.0,0,4,33,123,5.0,4.94,5.0,4.94,5.0,4.94,4.88,2.12
2 bed 2 bath with balcony near Central Park/Harlem,Manhattan,40.80724,-73.95428,4,2.0,2.0,400.0,7,7,7,7,5.0,4.83,4.83,4.83,4.83,5.0,4.83,0.67
"Sparkling clean, quiet apt to explore NYC & relax",Brooklyn,40.68267,-73.91672,2,1.0,1.0,184.0,0,0,10,100,4.94,4.93,5.0,4.99,4.99,4.72,4.88,1.48
Cozy Garden Apartment  in Williamsburg,Brooklyn,40.71516,-73.96448,4,1.0,1.0,160.0,0,25,31,77,4.89,4.88,4.93,4.99,5.0,4.93,4.83,0.51
Sun-Drenched Room w/PRIVATE BALCONY (Williamsburg),Brooklyn,40.71094,-73.96227,1,1.0,1.0,65.0,14,36,64,339,4.79,4.84,4.84,4.95,4.95,5.0,4.79,1.19
Posh Pad in Greenwich Village off the Gold Coast!!,Manhattan,40.73313,-73.99583,4,1.0,1.0,255.0,5,35,65,340,5.0,4.75,5.0,4.75,5.0,5.0,4.75,0.2
"Beautiful home, parking on premises , comfy, quiet",Bronx,40.85195,-73.86012,4,1.0,2.0,267.0,30,60,90,365,4.98,4.93,4.98,4.95,4.95,4.93,4.88,3.64
Stunning apartment in Williamsburg !,Brooklyn,40.70985,-73.95799,2,1.0,1.0,110.0,5,15,15,185,5.0,5.0,5.0,5.0,5.0,4.75,5.0,0.13
"PRIVATE BATH, PRIVATE ROOM AND PRIVATE ENTRANCE",Brooklyn,40.59616,-73.97537,2,1.0,1.0,69.0,6,19,23,81,4.88,4.94,4.95,4.95,4.95,4.78,4.84,1.65
Garden studio in the Upper East Sid,Manhattan,40.77827,-73.94669,4,1.0,1.0,150.0,30,60,90,365,4.95,4.94,5.0,4.88,4.88,4.94,4.88,0.14
COMFORTABLE  ROOM,Queens,40.75889,-73.92843,1,2.0,1.0,52.0,21,51,81,356,4.71,4.73,4.73,4.69,4.69,4.78,4.76,1.15
*LARGE PRIVATE ROOM WITH A LARGE WINDOW*,Queens,40.74566,-73.88326,2,1.0,1.0,70.0,12,18,22,268,4.96,4.99,4.96,4.99,4.98,4.87,4.97,1.72
Private room in large apartment,Brooklyn,40.69428238825508,-73.934665643439,2,1.0,1.0,77.0,29,59,89,179,5.0,4.96,5.0,5.0,5.0,4.96,4.96,3.19
Beautiful 1 Bdrm w/ Large Private Patio,Brooklyn,40.70987,-73.95409,2,1.0,1.0,168.0,0,0,0,0,5.0,5.0,5.0,5.0,5.0,5.0,5.0,0.09
"Modern, cozy townhouse",Bronx,40.860704,-73.90167699999999,2,1.0,1.0,48.0,0,0,0,0,5.0,5.0,5.0,5.0,5.0,5.0,5.0,1.0
"Modern, Ambient 1-Bedroom Apartment",Staten Island,40.5425,-74.14809,3,1.0,1.0,85.0,1,1,3,188,4.95,4.96,4.98,4.98,4.93,4.83,4.94,1.74
Bohemian 1-bedroom in Williamsburg,Brooklyn,40.70235,-73.94338,2,1.0,1.0,92.0,0,0,0,0,5.0,5.0,5.0,5.0,5.0,5.0,5.0,0.02
Large 1 Bedroom Apt in Park Slope,Brooklyn,40.66928,-73.9884,4,1.0,1.0,150.0,0,0,0,0,5.0,5.0,5.0,5.0,5.0,5.0,5.0,0.03
Luxury Studio style room in Manhattan Brownstone,Manhattan,40.80689,-73.94827,2,1.0,1.0,97.0,3,7,34,122,4.96,4.98,4.94,5.0,5.0,4.87,4.96,4.58
Bushwick Cozy Room,Brooklyn,40.68689,-73.91137,2,1.0,1.0,54.0,19,45,61,61,4.72,4.87,4.79,4.95,4.95,4.82,4.75,1.22
Spacious & Private Harlem/Washington Heights Room,Manhattan,40.82828,-73.94144,2,1.0,1.0,79.0,0,0,0,0,4.69,4.76,4.87,4.71,4.74,4.68,4.6,2.71
Lovely & Cozy Apartment in Queens! - 1R,Queens,40.74268,-73.90739,6,1.0,2.0,150.0,30,60,84,359,4.64,4.79,4.76,4.8,4.76,4.75,4.62,1.29
Beautiful apartment - easy access to all,Staten Island,40.57955,-74.11109,4,1.0,1.0,125.0,26,56,86,361,4.8,4.85,4.98,4.9,4.86,4.94,4.9,2.08
"1BR apartment in the heart of trendy Chelsea, NYC",Manhattan,40.74129,-74.00016,2,1.0,1.0,314.0,0,0,0,0,5.0,5.0,5.0,4.9,5.0,5.0,5.0,0.9
Stylish Apt. at Gallery Lespes near UBS ARENA-JFK,Queens,40.71573,-73.7393,4,1.0,1.0,110.0,30,58,84,358,5.0,4.96,4.88,4.96,5.0,4.85,4.92,2.39
2 Bedroom 2 Bath APT  located  close to Manhattan,Queens,40.765465,-73.934723,3,2.0,2.0,135.0,6,6,6,240,4.93,4.9,4.83,4.93,4.86,4.79,4.83,0.64
"Style, Location, Comfort. Bonus Stoop/Front Yard!",Brooklyn,40.725231,-73.952904,5,1.0,2.0,324.0,3,5,5,5,5.0,5.0,5.0,5.0,4.98,4.98,4.92,2.13
Cozy Garden Apartment in Charming Park Slope,Brooklyn,40.67413,-73.97955,2,1.0,1.0,160.0,2,7,25,25,4.82,4.92,4.85,4.95,4.8,4.97,4.86,3.4
Large apartment with king size bed,Queens,40.76741,-73.92403,2,1.0,1.0,130.0,13,13,32,32,5.0,5.0,5.0,5.0,5.0,5.0,5.0,0.34
Faith's Tavern,Queens,40.65594,-73.72897,1,1.0,1.0,50.0,30,60,90,365,4.86,4.86,4.86,4.71,4.86,4.86,4.86,0.31
"Spacious 3-story, 3-bedroom house with backyard",Brooklyn,40.67987,-73.93884,8,2.5,3.0,432.0,0,3,4,199,4.87,4.81,4.84,4.98,4.95,4.77,4.76,0.67
Bello Suites Iocated 8 min away from JFK free wifi,Queens,40.67993,-73.77106,6,2.0,3.0,121.0,7,7,15,105,5.0,5.0,5.0,5.0,5.0,5.0,5.0,0.64
MODERN Luxury Hotel Residence in Midtown,Manhattan,40.75552,-73.994,3,1.0,1.0,99.0,0,0,0,0,4.9,4.9,4.7,4.9,5.0,4.9,4.7,0.11
"ðŸŒŸBrooklyn Dream, Quiet 2 Bedroom Cobble Hill Space",Brooklyn,40.68828,-73.99151,5,1.0,2.0,215.0,30,56,56,176,4.88,5.0,4.94,5.0,5.0,5.0,4.65,1.27
Private room in shared artist loft in Williamsburg,Brooklyn,40.71747,-73.96465,2,1.0,1.0,300.0,29,59,89,89,5.0,4.93,5.0,5.0,5.0,5.0,4.87,0.73
"A Clean, Well-Lighted Place",Manhattan,40.802581528533054,-73.9575050311056,2,1.0,1.0,180.0,20,30,33,143,5.0,5.0,5.0,5.0,5.0,5.0,5.0,1.0
SPACIOUS 3BR APT - 2 BLOCKS TO CENRAL PARK,Manhattan,40.801476,-73.955032,5,1.0,3.0,149.0,0,0,0,246,5.0,5.0,5.0,5.0,5.0,5.0,5.0,0.18
UWS Artistâ€™s 1 Bedroom Homeâ€”Whimsical and Unique!,Manhattan,40.80108,-73.96195,2,1.0,1.0,110.0,0,0,0,36,5.0,5.0,5.0,4.63,4.88,5.0,5.0,0.21
Room available with Twin bed,Brooklyn,40.6217958,-74.0320083,1,1.0,1.0,52.0,7,29,53,328,5.0,5.0,5.0,5.0,5.0,5.0,5.0,1.0
Cozy & Quiet Harlem Studio,Manhattan,40.81703,-73.93474,2,1.0,1.0,129.0,0,0,0,0,4.95,5.0,4.84,4.89,5.0,4.79,4.89,0.29
"Cozy basement with open design, separate entrance",Queens,40.70103,-73.7526,2,1.0,1.0,60.0,17,47,77,352,4.89,4.88,4.91,4.98,4.94,4.78,4.81,3.37
Spacious 2 BR on the best block in Greenpoint.,Brooklyn,40.73017,-73.95408,6,2.0,2.0,332.0,0,0,0,0,5.0,5.0,5.0,5.0,5.0,5.0,5.0,0.61
"Relaxing, modern Upper East Side Apt with terrace",Manhattan,40.77961,-73.94856,4,1.0,1.0,160.0,0,0,0,0,5.0,4.87,4.87,5.0,5.0,4.93,5.0,0.27
7  minutes from JFK Airport  Iris Garden 1,Queens,40.66671,-73.74322,1,1.0,1.0,59.0,26,56,86,361,4.72,4.79,4.81,4.74,4.77,4.62,4.7,2.36
Great Place to Land in Manhattan!,Manhattan,40.76723,-73.98567,4,1.0,1.0,99.0,0,0,5,123,4.9,4.9,5.0,5.0,4.9,5.0,4.6,0.48
Stylish 2 BR on the Upper West Side,Manhattan,40.79454,-73.96853,4,1.0,2.0,145.0,0,0,0,0,5.0,5.0,5.0,5.0,5.0,5.0,5.0,0.01
Small comfy attick room,Staten Island,40.6298,-74.08527,1,1.0,1.0,40.0,0,0,0,34,4.76,4.82,4.64,4.85,4.79,4.73,4.88,0.41
Sunny Quiet Room In Harlem,Manhattan,40.81555,-73.95338,1,1.0,1.0,100.0,29,59,89,364,4.82,4.9,4.84,4.86,4.92,4.72,4.78,0.85
Bayhouse - Two bedroom home on B92nd St!,Queens,40.58866,-73.81553,4,1.0,2.0,205.0,30,60,83,197,4.93,4.9,4.88,5.0,4.99,4.89,4.87,2.45
"Philosopher's Private Room, Clean, 1.5 Baths",Manhattan,40.81656,-73.9374,1,1.5,1.0,81.0,30,60,90,365,4.88,4.94,4.9,4.84,4.94,4.77,4.84,1.15
Master room in a luxury apartment,Manhattan,40.76908,-73.94504,2,1.0,1.0,80.0,0,0,0,0,5.0,5.0,5.0,5.0,5.0,5.0,5.0,0.01
"2 beds 3 min to M&R, private Roof,balcony,skylight",Queens,40.73564,-73.87221,4,1.0,2.0,298.0,5,35,65,340,4.96,4.94,4.98,4.99,4.99,4.84,4.87,1.57
Quiet and cozy apartment in Greenwich Village,Manhattan,40.72605,-73.99576,2,1.0,1.0,140.0,0,0,0,0,5.0,5.0,5.0,5.0,5.0,5.0,4.67,0.04
Private Space in Lower East Side,Manhattan,40.72209,-73.98742,2,1.0,1.0,140.0,0,0,0,0,4.6,4.75,5.0,5.0,5.0,4.75,4.75,0.06
Cozy Nest,Queens,40.7049099,-73.73598179999999,2,1.0,1.0,75.0,14,28,47,227,5.0,5.0,5.0,5.0,5.0,5.0,5.0,3.38
Private Apartment w/Sunny Balcony in Riverdale NYC,Bronx,40.90341,-73.90199,2,1.0,1.0,115.0,0,0,0,74,5.0,4.98,4.96,5.0,5.0,4.96,4.98,0.8
Multicultural House II,Bronx,40.82124,-73.92913,4,1.0,2.0,150.0,5,13,27,259,4.86,4.89,4.86,4.89,4.88,4.8,4.87,2.58
"Bright, Sunny, Bushwick Apartment",Brooklyn,40.6919,-73.9097,2,1.0,1.0,55.0,0,0,0,0,5.0,5.0,5.0,5.0,5.0,5.0,5.0,0.03
Friendly and well-located place to get away,Brooklyn,40.66933,-73.97863,2,1.0,1.0,40.0,0,0,0,0,4.76,4.87,4.84,4.84,4.84,4.91,4.65,0.59
"Spacious, Airy room in Williamsburg",Brooklyn,40.71681,-73.94656,2,1.0,1.0,100.0,0,0,0,0,5.0,5.0,5.0,5.0,5.0,5.0,5.0,0.01
Nice and artsy apartment in East Village,Manhattan,40.72326,-73.98067,2,1.0,1.0,99.0,0,0,0,0,5.0,5.0,4.75,5.0,5.0,5.0,5.0,0.08
Spacious Loft in Williamsburg,Brooklyn,40.71581,-73.96041,1,1.0,1.0,50.0,0,0,0,0,5.0,5.0,5.0,5.0,5.0,5.0,5.0,0.03
Lovely Private Room and Bathroom,Brooklyn,40.67383,-73.91705,2,1.0,1.0,89.0,23,53,83,263,4.78,4.85,4.61,4.9,4.93,4.71,4.76,3.49
Vintage Leisuresâ€” Heart of Brooklyn Home,Brooklyn,40.63598,-73.94986,5,1.0,2.0,166.0,23,46,76,350,4.89,4.94,4.94,4.94,4.94,4.78,4.89,4.09
"Sunny, By Park, Private Entrance, Safe Quiet Area",Brooklyn,40.72724,-73.94208,1,1.0,1.0,42.0,30,30,40,130,4.76,4.8,4.52,4.88,4.91,4.79,4.77,1.01
Newly renovated 4 bedroom in Manhattan!,Manhattan,40.80948,-73.94727,8,2.0,4.0,393.0,8,9,19,165,4.73,4.68,4.69,4.74,4.82,4.55,4.68,2.69
Spacious room and private bath in Williamsburg,Brooklyn,40.71993,-73.95484,2,1.0,1.0,83.0,0,0,0,0,5.0,5.0,5.0,5.0,5.0,5.0,5.0,0.02
Manhattan: Private Bedroom In Chinatown,Manhattan,40.71204,-73.99701,3,1.0,1.0,79.0,0,0,0,0,5.0,5.0,5.0,5.0,5.0,5.0,5.0,0.05
"Private Bath, Cozy Sunset Terrace Room",Queens,40.59206,-73.79258,2,1.0,1.0,77.0,29,59,89,174,4.71,4.76,4.95,4.97,4.79,4.56,4.65,1.24
ELEXEY'S COMFORT....This room is small and cozy.,Queens,40.70602,-73.75861,2,1.0,1.0,65.0,26,53,83,358,4.82,4.9,4.89,4.91,4.97,4.75,4.82,2.72
Essex House - Central Park Condo,Manhattan,40.76624,-73.97967,4,2.0,1.0,325.0,0,0,5,280,5.0,5.0,5.0,5.0,5.0,5.0,5.0,0.15
Private Room in a Great Duplex in Williamsburg,Brooklyn,40.70667,-73.95021,2,1.0,1.0,110.0,0,0,0,0,5.0,5.0,5.0,5.0,5.0,5.0,5.0,0.21
"Lovely Room, Bronx NY",Bronx,40.84444,-73.84873,2,1.0,1.0,75.0,30,60,90,365,4.94,4.94,4.89,4.94,4.94,4.89,4.89,0.53
2018Serenity,Manhattan,40.7953,-73.94249,1,1.0,1.0,101.0,20,41,71,71,4.95,5.0,4.95,5.0,4.95,4.85,5.0,0.37
Cozy room in Loft Apartment - Brooklyn,Queens,40.69702,-73.89975,1,1.0,1.0,31.0,0,0,0,0,5.0,5.0,5.0,5.0,5.0,5.0,5.0,0.02
Cozy E. Harlem Brownstone PH,Manhattan,40.7947,-73.93209,3,1.0,1.0,89.0,0,0,0,0,4.71,4.79,4.53,4.86,4.85,4.54,4.68,1.03
Lovely 1 bedroom flat with balcony,Brooklyn,40.6842523382282,-73.90883542541557,2,1.0,1.0,150.0,11,19,47,283,4.95,4.95,4.9,4.95,5.0,4.9,4.85,4.0
Classic Brooklyn Brownstone,Brooklyn,40.67757,-73.97646,10,2.5,5.0,325.0,0,0,0,0,5.0,5.0,5.0,5.0,5.0,5.0,5.0,0.02
Park Slope's - Pied Ã  Terre (1-Bedroom Apt),Brooklyn,40.66733,-73.98622,2,1.0,1.0,183.0,4,5,17,17,4.71,4.77,4.83,4.94,4.93,4.9,4.72,1.51
lovely 1 Private Room available,Manhattan,40.71956,-73.99373,2,1.0,1.0,90.0,2,9,21,131,4.85,4.8,4.78,4.9,5.0,4.78,4.66,4.49
Boutique Hotel experience in NYC One Queen Bed,Manhattan,40.75972,-73.96806,2,1.0,1.0,217.0,26,50,80,232,5.0,4.67,4.67,5.0,4.67,4.67,5.0,1.55
Washington Heights- Comfy Home,Manhattan,40.84623,-73.94103,2,1.0,1.0,79.0,10,40,70,70,4.86,4.86,4.57,4.95,4.98,4.91,4.84,1.06
Sunny Brooklyn 1 BR Condo with Balcony,Brooklyn,40.66959,-73.99036,2,1.0,1.0,178.0,0,0,0,0,5.0,5.0,4.67,5.0,5.0,5.0,4.83,0.18
Huge cozy loft in prime Soho,Manhattan,40.72268,-74.00472,5,1.0,2.0,395.0,19,49,79,173,4.92,5.0,4.92,4.92,5.0,5.0,4.77,0.29
Entire brownstone apartment prime location,Brooklyn,40.6863,-73.94923,2,1.0,1.0,150.0,0,0,0,0,5.0,5.0,5.0,5.0,5.0,5.0,5.0,0.02
Two Bedroom Pied A Terre,Brooklyn,40.69073,-73.96524,4,1.0,2.0,360.0,30,60,90,365,5.0,4.8,5.0,5.0,5.0,5.0,4.8,0.09
Modern appt in Brooklyn 2bd with 5 beds,Queens,40.70612,-73.9016,8,1.0,2.0,167.0,18,29,47,47,4.77,4.76,4.65,4.97,4.98,4.83,4.66,2.86
New York Rooftop Terrace  Apartment,Queens,40.7571344,-73.880691,6,1.0,2.0,337.0,21,38,53,310,4.92,4.92,4.92,5.0,5.0,4.75,4.83,3.43
â˜…BUSHWICK â˜… | QUIET COZY ROOM FACING BACKYARD,Brooklyn,40.68322,-73.91827,1,1.0,1.0,95.0,0,0,0,0,5.0,5.0,4.75,5.0,5.0,5.0,4.75,0.2
Cozy brand new studio with private entrance,Brooklyn,40.63299,-73.94159,1,1.0,1.0,65.0,30,60,90,97,4.89,4.92,4.94,4.97,4.98,4.64,4.83,1.14
Central Park Columbia 2 Bed 2 Full Bath Apartment,Manhattan,40.80384,-73.95332,8,2.0,2.0,130.0,0,0,0,0,5.0,5.0,4.88,5.0,5.0,4.75,4.75,0.19
affordable and convenient Manhattan studio,Manhattan,40.79897,-73.96312,2,1.0,1.0,129.0,0,0,0,0,4.91,4.91,4.71,5.0,5.0,4.68,4.88,0.36
NAP- in Old Mills basin a great quiet Place,Brooklyn,40.61579,-73.921,5,1.0,1.0,111.0,26,56,86,176,4.8,5.0,5.0,4.6,4.8,4.8,5.0,1.15
Park Slope + private bathroom + terrace -#5,Brooklyn,40.67005,-73.98115,1,2.0,1.0,35.0,0,0,0,64,5.0,5.0,5.0,5.0,5.0,5.0,5.0,0.04
Large Bedroom w/ En-suite Bathroom & Private Entry,Staten Island,40.62988,-74.08639,3,1.0,1.0,98.0,28,58,88,178,4.89,4.97,4.98,4.98,4.95,4.86,4.7,3.0
A Stoneâ€™s Throw Bungalow,Queens,40.58515,-73.81518,4,1.0,2.0,239.0,0,18,42,127,5.0,5.0,5.0,5.0,4.96,4.96,5.0,2.92
Huge 2 bedroom- long term stay-free wifi & parking,Brooklyn,40.63241,-73.90313,6,1.0,2.0,90.0,24,24,32,306,4.99,4.96,4.95,4.99,5.0,4.7,4.95,0.85
Private room North Harlem/Hamilton Heights,Manhattan,40.82982,-73.94831,2,1.0,1.0,125.0,0,0,0,0,4.8,4.8,4.9,5.0,4.9,5.0,4.7,0.25
Modern Bright Private Entry 3min to TRAIN near JFK,Brooklyn,40.66213,-73.91827,2,1.0,1.0,76.0,18,37,58,148,4.76,4.81,4.69,4.85,4.78,4.63,4.73,3.05
Park Slope 1 Bedroom Apartment,Brooklyn,40.6819,-73.97839,4,1.0,1.0,108.0,0,1,5,13,5.0,5.0,4.82,5.0,5.0,5.0,4.91,0.25
Cosy Designer Apt - vacation or business,Brooklyn,40.73485,-73.95424,2,1.0,1.0,128.0,0,0,0,0,4.64,4.79,4.82,4.81,4.82,4.84,4.58,0.42
Modern UWS 3 bedroom flat with stunning views,Manhattan,40.78916,-73.97978,4,2.0,2.0,300.0,0,0,0,0,5.0,5.0,5.0,5.0,5.0,5.0,5.0,0.05
Windsor Terrace - Prospect Park - Family Home,Brooklyn,40.65865,-73.9767,8,2.0,3.0,400.0,1,17,34,34,5.0,5.0,4.91,5.0,4.96,5.0,4.91,0.34
Sittin' on the Dock of the Bay,Bronx,40.82749,-73.81481,8,2.5,3.0,225.0,30,60,90,365,4.93,4.93,5.0,4.93,5.0,5.0,5.0,0.35
"Lovely 1-br rental in NYC, great area, w/Cat",Manhattan,40.75876,-73.99151,1,1.0,1.0,110.0,0,0,0,0,5.0,5.0,5.0,5.0,5.0,5.0,5.0,0.29
Private Spacious Room in Brooklyn!,Brooklyn,40.6442,-73.98051,2,1.0,1.0,60.0,0,0,3,278,4.9,4.87,4.94,5.0,4.9,4.81,4.9,0.29
Fun in the Heart of Manhattan,Manhattan,40.76209,-73.98816,2,1.0,1.0,160.0,0,0,0,0,4.92,4.95,4.85,5.0,4.98,4.97,4.88,0.64
Amazing Brand New 2 Bedroom Apartment!,Brooklyn,40.68167,-73.94691,5,1.0,2.0,252.0,8,10,14,77,5.0,4.91,5.0,5.0,5.0,4.73,4.91,2.89
Large Alcove Studio in Williamsburg,Brooklyn,40.71453,-73.96772,2,1.0,1.0,175.0,3,3,3,35,5.0,5.0,5.0,5.0,5.0,5.0,5.0,0.46
Great Location!  One bedroom Apt in Forest Hills,Queens,40.72357,-73.85425,2,1.0,1.0,144.0,17,24,24,47,5.0,5.0,4.83,5.0,5.0,4.83,4.83,0.77
Brand New Sunny Large Space near Museum & Park.,Brooklyn,40.67162,-73.94528,2,1.0,2.0,139.0,20,50,77,352,4.67,4.79,4.72,4.89,4.79,4.64,4.59,3.23
Park Slope Apartment,Brooklyn,40.67623,-73.97789,2,1.0,1.0,165.0,1,1,9,9,4.88,4.76,4.8,4.96,4.96,4.84,4.83,0.2
3 bed with cool kids loft In Williamsburg!,Brooklyn,40.70048,-73.94187,7,1.5,4.0,396.0,7,9,15,140,4.92,4.95,4.95,5.0,5.0,4.55,4.79,5.67
Private room in Harlem with A/C,Manhattan,40.80858,-73.94247,1,1.0,1.0,56.0,0,0,0,0,4.71,5.0,4.86,4.83,5.0,5.0,4.83,0.15
Luxury City Suites Steps from Central Park,Manhattan,40.76487,-73.98119,4,1.0,1.0,314.0,13,19,47,303,4.54,4.58,4.76,4.7,4.64,4.87,4.55,3.76
Lush 2-Bedroom Condo near Prospect Park,Brooklyn,40.64895,-73.9549,4,1.0,2.0,239.0,14,27,44,319,4.89,4.91,4.89,4.87,5.0,4.62,4.87,2.91
Luxury 2-bed Condo / Outdoor Stone Terrace,Brooklyn,40.637,-74.01144,2,1.0,1.0,57.0,20,20,20,268,4.6,4.6,5.0,4.6,4.6,4.9,4.6,0.11
"Modern, ideal long term, Montefiore professionals",Bronx,40.84771,-73.84733,2,1.0,1.0,70.0,30,56,86,176,4.97,4.87,4.95,4.94,4.99,4.94,4.91,1.89
Mediterranean Artist House at ClintonHill Brooklyn,Brooklyn,40.69045,-73.96063,1,1.0,1.0,140.0,2,2,2,250,5.0,5.0,5.0,5.0,5.0,5.0,5.0,0.25
Huge 1 bedroom heart of the South Seaport District,Manhattan,40.70814,-74.00231,3,1.0,1.0,400.0,0,0,0,2,5.0,5.0,5.0,4.95,5.0,4.95,4.74,1.17
Amazing 1 bed apt in West Village/Soho,Manhattan,40.72801971435547,-74.00020599365234,1,1.0,1.0,239.0,0,0,0,0,4.8,5.0,4.8,5.0,5.0,5.0,4.6,0.28
Prime Location 2 Bedroom Apt/Greenwich Village,Manhattan,40.7331,-74.00747,6,1.0,2.0,445.0,28,42,61,150,5.0,5.0,5.0,5.0,5.0,5.0,5.0,1.62
"Leelas Bright, Cosy, and furnushed room.",Manhattan,40.83349,-73.94408,1,1.0,4.0,46.0,0,0,4,279,4.86,4.93,4.55,4.93,4.93,4.97,4.79,0.38
ðŸ’°æ³•æ‹‰ç››ä¸­å¿ƒPrivate Studio,Queens,40.76429,-73.82869,2,1.0,1.0,65.0,22,22,22,22,5.0,5.0,5.0,5.0,5.0,5.0,4.8,0.09
Emerald Glow in Private home # 1,Brooklyn,40.65067,-73.9523,2,1.0,1.0,55.0,30,60,90,180,4.93,4.73,4.8,4.8,4.8,4.73,4.73,0.74
Artist Apartment in Brooklyn,Brooklyn,40.66701,-73.93279,2,1.0,2.0,150.0,23,53,83,83,5.0,5.0,5.0,5.0,5.0,5.0,5.0,0.43
Delux 2 Bedroom Brownstone apt-Bedstuy Brooklyn,Brooklyn,40.68929,-73.93735,4,1.0,2.0,150.0,0,0,0,0,4.8,4.94,4.88,4.9,4.98,4.6,4.79,0.88
Bronx Comfort: big bedroom plus private bathroom,Bronx,40.818016,-73.88813,2,1.0,1.0,70.0,0,9,39,39,5.0,5.0,5.0,5.0,5.0,4.82,5.0,0.6
Big and Warm Apt in heart of Williamsburg,Brooklyn,40.71499,-73.9599,2,1.0,1.0,155.0,0,0,3,278,4.86,5.0,4.86,5.0,5.0,5.0,5.0,0.08
Modern & Comfy ~ 5* Location ~ King Bed ~ Parking!,Brooklyn,40.64878,-73.91918,12,1.0,3.0,282.0,30,60,90,270,4.9,4.9,4.91,4.93,4.95,4.58,4.72,0.72
SPACIOUS room TIME SQUARE,Manhattan,40.76053,-73.99111,2,1.0,1.0,95.0,0,0,0,0,4.7,4.64,4.83,4.76,4.67,5.0,4.55,0.29
"room in sunny, charming, vintage style apartment",Brooklyn,40.68102,-73.99418,2,1.0,1.0,115.0,15,25,35,114,4.88,4.87,4.91,4.96,4.94,4.98,4.89,1.93
Private room hosted by Susan,Manhattan,40.78849,-73.97644,1,1.0,1.0,81.0,0,16,18,18,5.0,5.0,4.91,5.0,5.0,5.0,4.82,0.23
PrÃ­vate GARDEN Apartment In Harlem,Manhattan,40.81228,-73.94155,3,1.0,1.0,195.0,0,7,13,279,4.86,4.86,4.71,4.86,5.0,5.0,4.86,1.12
Spotless. Private bath. in room. Center Flushing.,Queens,40.75922,-73.81958,2,1.0,1.0,98.0,29,59,89,364,4.84,4.95,4.96,4.96,4.93,4.83,4.78,1.78
"Large Room, Hamilton Heights Section of Manhattan",Manhattan,40.82746,-73.94699,1,1.0,1.0,300.0,29,59,89,364,4.75,4.67,4.75,4.83,4.92,5.0,4.67,0.13
Light and Airy Bed Stuy Apartment,Brooklyn,40.69086,-73.94075,3,1.0,2.0,200.0,26,26,26,173,5.0,4.9,4.9,5.0,5.0,4.9,5.0,0.49
Elegant rental~ 10 minutes away from JFK Airport.,Queens,40.68391,-73.77241,2,1.0,1.0,55.0,25,55,85,360,4.77,4.69,5.0,4.85,4.69,4.69,4.77,1.44
"2 Bedroom, 2 bath, 2 floor Apt",Brooklyn,40.68192,-73.98904,3,2.0,2.0,300.0,7,11,14,72,4.94,4.94,4.98,4.98,4.94,4.78,4.84,2.24
Beautiful Grdn. Apt. in Park Slope,Brooklyn,40.66836,-73.98166,2,1.0,1.0,130.0,5,7,13,111,4.68,4.82,4.62,4.9,4.9,4.94,4.71,2.12
Big Beautiful Brooklyn Apt @ Park!,Brooklyn,40.65712,-73.96105,2,1.0,2.0,130.0,2,5,20,20,4.7,4.85,4.64,4.82,4.83,4.65,4.73,1.05
"750 sqft of light, cleanliness & comfort",Manhattan,40.79758,-73.96829,4,1.0,1.0,145.0,0,0,0,0,4.85,4.77,4.92,4.92,4.92,4.92,4.69,0.3
Cosy bedroom in Brooklyn,Brooklyn,40.65364,-73.96471,2,1.0,1.0,76.0,27,57,87,177,4.87,4.84,4.87,4.94,4.84,4.81,4.81,0.57
Sunny & Lovely 2 Bedroom Duplex Loft In Brooklyn,Brooklyn,40.67428,-73.92565,6,1.0,2.0,220.0,30,60,90,365,5.0,5.0,4.8,4.8,5.0,4.8,4.6,0.69
Teddy's Studios at 175,Bronx,40.85658,-73.79095,4,1.0,2.0,98.0,9,21,41,130,4.82,4.91,4.77,4.93,4.91,4.89,4.86,1.09
#1 - Bright Room in Woodhaven Near Subway & Park,Queens,40.69015,-73.86737,1,1.0,1.0,40.0,21,51,81,81,4.67,5.0,5.0,5.0,5.0,5.0,4.67,0.25
Cheerful 3 bedrooms in Forest Hills next to all.,Queens,40.7331431,-73.8505421,10,1.0,3.0,388.0,30,60,90,365,5.0,5.0,4.67,5.0,4.67,5.0,5.0,0.66
Open Living Area Apartment - 7 mins to JFK Airport,Queens,40.6634,-73.85416,3,1.0,1.0,79.0,30,60,90,365,4.64,4.65,4.78,4.92,4.79,4.71,4.62,4.06
Cozy with Great location !!,Brooklyn,40.60005,-73.95589,2,1.0,1.0,38.0,22,51,81,81,4.85,4.86,4.84,4.88,4.87,4.79,4.76,2.24
Divine writerâ€™s studio in Greenwich Village,Manhattan,40.73324,-74.00144,2,1.0,1.0,330.0,0,0,0,0,5.0,5.0,5.0,4.9,5.0,5.0,4.8,1.27
TOUR EIFFEL  Room in house - SELF CHECK-IN,Queens,40.65358,-73.83582,2,1.0,1.0,93.0,30,60,90,270,4.79,4.85,4.85,4.85,4.82,4.7,4.85,1.92
Great one bed room with work space,Queens,40.69461,-73.85842,2,1.0,1.0,65.0,0,0,0,0,4.98,5.0,4.98,5.0,5.0,4.88,5.0,4.45
1 bed-Convent Ave. Brownstone Near CCNY Sleeps 4,Manhattan,40.82537,-73.94857,4,1.0,1.0,355.0,29,59,89,89,4.95,4.9,4.86,5.0,4.95,4.76,4.76,0.51
Peaceful Home w/ King Bed Near Forest Park,Queens,40.70397,-73.85505,3,1.5,1.0,128.0,0,0,0,65,5.0,5.0,5.0,5.0,5.0,4.67,5.0,0.21
Gorgeous Bright 2 bedroom Apartment near Subways,Manhattan,40.81488,-73.94503,4,1.0,2.0,199.0,10,21,51,127,5.0,4.96,4.96,5.0,5.0,4.78,4.74,1.11
Spectacular water and statue of liberty views!!,Manhattan,40.70463,-74.01507,3,1.0,1.0,223.0,0,0,0,0,5.0,5.0,4.8,5.0,5.0,5.0,5.0,0.3
1 bedroom by BAM Atlantic Terminal station,Brooklyn,40.68650817871094,-73.97710418701172,3,1.0,1.0,185.0,28,58,88,178,5.0,5.0,4.67,5.0,4.67,5.0,4.67,0.14
"Simple, Spacious Room in LES/Two Bridges Apt",Manhattan,40.71284,-73.98783,2,1.0,1.0,150.0,0,0,0,0,5.0,5.0,5.0,5.0,5.0,5.0,5.0,0.08
Sunny spacious private room w/ separate entrance,Brooklyn,40.65087,-73.97981,1,1.0,1.0,82.0,0,4,13,209,4.97,4.97,5.0,5.0,4.97,4.91,4.97,0.82
Midtown West New 2 BR,Manhattan,40.7542,-73.99554,2,1.0,2.0,240.0,10,10,30,305,4.9,4.86,4.94,4.87,4.89,4.9,4.81,1.06
This is the Best Place to be off the Jefferson L!A,Brooklyn,40.70569,-73.92372,2,1.5,1.0,67.0,5,18,48,48,4.82,4.91,4.64,4.91,4.82,4.91,4.91,2.14
Serviced Apartment - New Luxury Room WiFi & Office,Manhattan,40.80316,-73.95848,2,2.0,1.0,99.0,12,39,66,308,4.96,4.96,4.92,5.0,5.0,4.83,4.79,3.75
"HabitaciÃ³n disponible en Bronx,NY.",Bronx,40.84103,-73.84629,1,1.0,1.0,65.0,0,0,0,0,5.0,5.0,5.0,5.0,5.0,4.8,4.8,0.12
Wyndham Midtown 45 NYC (2 Bedroom Presidential),Manhattan,40.75289,-73.97356,6,2.0,2.0,353.0,0,0,0,53,4.96,4.86,4.89,4.75,5.0,4.96,4.74,0.47
Three Bedroom Family Suite- Top Floor w/ Skylight,Brooklyn,40.64149,-73.90458,5,1.0,3.0,261.0,16,34,48,281,4.96,4.96,5.0,5.0,5.0,4.63,4.96,0.6
"THE SPOT-Wi-FI,no fees",Bronx,40.88469,-73.85236,2,1.0,1.0,32.0,16,38,68,343,5.0,5.0,4.71,5.0,5.0,5.0,5.0,4.2
3br duplex with private terrace,Brooklyn,40.71514,-73.9567,7,2.0,3.0,389.0,10,29,52,131,4.9,5.0,4.7,5.0,5.0,5.0,4.7,1.35
Quiet and modern Williamsburg garden 1BR,Brooklyn,40.71192,-73.94581,2,1.0,1.0,180.0,0,0,0,69,4.88,4.93,4.95,4.85,4.9,4.88,4.73,0.74
LUXE CROWN HEIGHTS DUPLEX - Rooftop City Views,Brooklyn,40.66666,-73.95432,4,1.0,2.0,138.0,0,0,0,0,4.89,4.91,4.69,4.91,4.95,4.85,4.87,3.74
"Bright, Clean & Cozy 1 BR close to all services..",Brooklyn,40.68352,-73.95073,4,1.0,1.0,99.0,0,2,19,19,4.82,4.84,4.87,4.87,4.74,4.61,4.84,0.95
Airy Brooklyn Brownstone - 20% off monthly stays,Brooklyn,40.68746,-73.96388,2,1.0,1.0,100.0,0,0,0,0,5.0,5.0,5.0,5.0,5.0,5.0,5.0,0.03
Resort-like living in Williamsburg,Brooklyn,40.7154,-73.94028,4,2.0,2.0,150.0,0,0,0,0,5.0,5.0,5.0,5.0,5.0,5.0,5.0,0.01
Pvt Room: Central Park | Columbia U | Mt Sinai Hsp,Manhattan,40.80765,-73.95627,1,1.0,1.0,118.0,27,57,87,87,4.82,4.79,4.93,4.96,4.89,4.79,4.64,0.29
"Exciting Lower East Side, Loft Life",Manhattan,40.71776,-73.98486,3,1.0,2.0,240.0,0,0,0,0,4.88,4.93,4.93,4.93,5.0,4.8,4.53,0.13
"1bdrm Queens Apt; LGA, Astoria, Flushing, Midtown",Queens,40.75896,-73.88582,4,1.0,1.0,120.0,28,58,88,178,4.88,5.0,4.88,4.88,5.0,4.63,4.75,1.51
"Sunny, Tranquil Spacious Room, 1 min from A Train!",Manhattan,40.85306,-73.93791,2,1.0,1.0,89.0,0,0,0,0,5.0,5.0,4.67,5.0,5.0,5.0,5.0,0.27
Cozy 1bd/1ba apartment in the heart of Bay Ridge!,Brooklyn,40.62732,-74.02796,3,1.0,1.0,115.0,5,7,23,23,5.0,5.0,4.75,5.0,5.0,4.75,5.0,0.39
Artsy 1 bedroom 4,Queens,40.70518,-73.81965,2,1.0,1.0,57.0,24,52,82,356,5.0,5.0,5.0,5.0,5.0,5.0,5.0,3.0
Sunny 2 bdrm apt  in Manhattanâ€™s Gramercy area,Manhattan,40.73576,-73.98224,4,1.0,2.0,145.0,0,0,11,215,5.0,5.0,5.0,5.0,5.0,5.0,5.0,0.25
The Rustic Beauty,Queens,40.68813,-73.80402,4,1.0,2.0,164.0,30,60,90,90,4.82,4.91,4.82,5.0,5.0,4.64,4.64,1.8
"Cozy, quiet one bedroom in the heart of Bedstuy!",Brooklyn,40.69115,-73.94256,2,1.0,1.0,90.0,0,0,0,0,5.0,5.0,5.0,5.0,5.0,5.0,5.0,0.02
Spacious 1 bedroom apartment in Astoria,Queens,40.76717,-73.91754,1,1.0,1.0,71.0,7,28,28,29,5.0,5.0,5.0,5.0,5.0,5.0,5.0,0.43
Overnight a brand new shared room in upper east,Manhattan,40.79939,-73.94557,2,1.0,1.0,55.0,0,0,0,0,4.6,4.56,4.79,4.58,4.81,4.67,4.52,1.0
Lovely 1 bedroom apartment with office.,Queens,40.73167,-73.7371,3,1.0,1.0,120.0,21,51,81,355,5.0,5.0,5.0,4.67,5.0,5.0,4.67,0.64
Centrally Located Large 2 Bedroom,Brooklyn,40.68092,-73.97738,4,1.0,2.0,214.0,0,6,6,198,4.85,4.87,4.89,4.93,4.91,4.89,4.81,0.63
Nice Private Room Beauty in Queens,Queens,40.73849,-73.87232,1,0.0,1.0,59.0,0,0,0,0,4.79,4.79,4.9,4.9,4.9,4.87,4.8,0.55
Ping-Pong Paradise in Brooklyn,Brooklyn,40.69052,-73.93008,6,1.5,2.0,138.0,13,36,66,341,4.89,5.0,4.95,4.79,4.95,4.58,4.84,3.39
"Manhattan East Village, lower East Side",Manhattan,40.72719,-73.97775,3,1.0,1.0,200.0,1,4,5,42,4.8,4.81,4.8,4.95,4.99,4.81,4.83,4.24
Stunning Summer Sublet Red Hook Garden Loft,Brooklyn,40.67863,-74.01086,4,1.0,2.0,225.0,0,0,0,9,5.0,5.0,4.67,5.0,5.0,4.67,5.0,0.07
"Charming, Exposed Brick 1 Bedroom",Brooklyn,40.68834,-73.9749,2,1.0,1.0,125.0,0,0,0,0,5.0,5.0,5.0,5.0,5.0,5.0,5.0,0.03
Entire Apartment - 1 Bed Close to Central Park,Manhattan,40.78763,-73.94769,2,1.0,1.0,115.0,0,0,0,0,5.0,5.0,5.0,5.0,5.0,5.0,5.0,0.07
Calm and Cozy Vibe in Brooklyn- #3 Train,Brooklyn,40.66431,-73.89484,4,1.0,3.0,400.0,0,0,0,63,5.0,5.0,4.93,5.0,5.0,4.67,4.8,0.47
Gorgeous large sunny room in NYC!,Brooklyn,40.66923,-73.94038,5,3.0,1.0,51.0,4,8,38,313,4.52,4.76,4.57,4.76,4.86,4.75,4.57,1.54
Charming single room,Brooklyn,40.69283,-73.94529,1,1.0,1.0,45.0,0,6,11,273,4.82,4.89,4.97,4.87,4.85,4.71,4.8,2.4
Beautiful Apartment in Murray Hill,Manhattan,40.742,-73.97848,2,0.0,1.0,300.0,0,0,0,0,5.0,5.0,5.0,5.0,5.0,5.0,5.0,0.02
One Bedroom Artsy Apartment in Manhattan,Manhattan,40.76344,-73.9951,2,1.0,1.0,200.0,1,1,3,3,4.82,4.82,4.76,4.88,4.82,4.88,4.71,1.71
Designer's 1-bedroom Apartment in Bushwick,Brooklyn,40.70409,-73.92446,2,1.0,1.0,175.0,0,0,0,0,4.81,4.75,4.75,4.88,4.88,4.75,4.69,1.7
Astoria Piolo BnB,Queens,40.75791,-73.9218,1,1.0,1.0,70.0,11,19,36,255,4.88,4.95,4.79,4.93,4.74,4.98,4.88,4.11
W Chelsea 1 Bedroom 2 Full Bath Apt & doorman/elev,Manhattan,40.74434,-74.00488,4,2.0,1.0,199.0,15,24,38,168,4.9,4.9,4.62,4.9,5.0,5.0,4.76,0.71
"Private Room in Bronx, close to everything!",Bronx,40.87002,-73.88255,1,1.0,1.0,60.0,1,1,1,64,5.0,4.97,5.0,5.0,5.0,4.93,4.93,0.69
"Walker Hotel Tribeca, Walker King",Manhattan,40.71806,-74.00094,2,1.0,1.0,281.0,30,60,90,301,4.67,4.71,4.83,4.75,4.63,4.79,4.71,0.6
Nice and clean building and apartment,Brooklyn,40.5852444,-73.9689071,2,1.0,1.0,175.0,0,0,0,247,5.0,5.0,4.67,5.0,5.0,5.0,4.67,0.6
Private Cozy Brooklyn Studio w/ backyard access,Brooklyn,40.64513,-73.94795,2,1.0,1.0,102.0,5,7,11,36,5.0,5.0,5.0,5.0,5.0,4.89,4.89,2.83
A Lot of Space in Historic Victorian Home,Brooklyn,40.64358,-73.96941,2,3.0,1.0,75.0,12,24,54,54,4.9,4.96,4.88,4.99,4.99,4.91,4.93,2.69
Cozy 1 Bedroom Apartment in West Village,Manhattan,40.73134,-74.00298,2,1.0,1.0,130.0,0,0,0,0,5.0,5.0,5.0,5.0,5.0,4.75,5.0,0.1
Newly Renovated Apt near Parkchester and Bronx Zoo,Bronx,40.83663,-73.86901,2,1.0,1.0,99.0,0,0,3,256,5.0,5.0,5.0,5.0,5.0,5.0,5.0,0.12
Jamaica Cozy Spot - JFK 10 mins - Mall 15 mins,Queens,40.685,-73.76792,2,1.0,1.0,66.0,30,60,90,365,5.0,5.0,5.0,5.0,5.0,5.0,5.0,0.3
Zen loft,Brooklyn,40.68839,-73.94564,4,1.5,1.0,109.0,30,60,90,90,5.0,5.0,4.95,5.0,5.0,4.74,4.95,0.49
Sunny 3BR Home TWO MINS From LGA Airport!,Queens,40.7660175,-73.8745486,8,1.0,3.0,113.0,25,55,85,359,4.81,4.81,5.0,5.0,5.0,4.94,4.94,2.77
"Sohotel, Deluxe King",Manhattan,40.71933,-73.994843,2,1.0,1.0,209.0,7,7,7,10,4.86,4.86,5.0,5.0,4.86,4.86,4.71,0.17
Luxury building- 2BR/2BA in Chelsea,Manhattan,40.74479,-73.99611,3,2.0,2.0,350.0,0,0,0,0,5.0,5.0,5.0,5.0,5.0,5.0,5.0,0.02
Cozy and minimal 1 bedroom apartment in Brooklyn,Brooklyn,40.70067,-73.92367,2,1.0,1.0,113.0,4,34,41,309,5.0,5.0,5.0,5.0,5.0,5.0,5.0,0.55
Lovely Harlem Studio,Manhattan,40.80314,-73.93515,3,1.0,1.0,186.0,0,0,0,84,4.82,5.0,4.76,4.94,5.0,4.65,4.76,1.32
"Private Sunny Room in Williamsburg, Brooklyn - NY",Brooklyn,40.70878,-73.94922,2,1.0,1.0,59.0,0,0,0,0,5.0,5.0,5.0,5.0,5.0,5.0,5.0,0.04
Cute Private Bedroom in Brooklyn,Brooklyn,40.67795,-73.91061,2,1.0,1.0,75.0,0,0,0,0,4.73,4.88,4.77,4.91,4.98,4.63,4.77,0.74
"Nice room in the Bronx , close of everything",Bronx,40.86245,-73.90628,2,1.0,1.0,28.0,5,28,42,317,4.73,4.8,4.7,4.77,4.77,4.57,4.77,1.88
Charming home away from home,Brooklyn,40.662,-73.92998,2,1.0,1.0,120.0,29,59,89,89,4.6,4.75,4.7,4.79,4.8,4.52,4.66,1.57
Unbelievable NYC Apt Avail Nov!,Manhattan,40.75066,-73.98736,4,1.0,1.0,340.0,0,0,0,0,4.83,4.83,4.78,4.89,4.94,5.0,4.83,0.2
Tranquil & Sunny Apartment in the <3 of Brooklyn,Brooklyn,40.68672,-73.98978,3,1.0,1.0,329.0,0,2,2,2,4.88,5.0,4.88,4.94,4.94,5.0,4.75,0.7
Comfy room steps away from Williamsburg nightlife,Brooklyn,40.71256,-73.9588,1,1.0,1.0,45.0,0,0,0,0,4.9,4.9,4.7,4.9,4.9,5.0,5.0,0.15
Cozy private Bedroom in upper Manhattan!,Manhattan,40.80546,-73.96396,1,1.0,1.0,88.0,0,0,0,0,4.95,4.9,4.76,4.95,4.9,4.95,4.95,0.4
Excellent  location near Manhattan!,Queens,40.76489,-73.91592,2,1.0,1.0,68.0,0,0,0,0,5.0,5.0,5.0,5.0,5.0,5.0,5.0,0.02
"Luxury Apt, Near Subway, Perfect for Work or Play!",Brooklyn,40.67697,-73.92712,4,1.0,1.0,116.0,1,5,7,282,4.89,4.97,4.95,4.97,4.96,4.66,4.81,2.92
Beautiful Prospect Park South room,Brooklyn,40.6477,-73.96118,3,1.0,1.0,39.0,5,35,65,65,4.66,4.77,4.71,4.74,4.61,4.71,4.71,0.3
Cute and Comfy Suite with Easy Parking,Brooklyn,40.64502,-73.94295,2,1.0,1.0,100.0,6,11,24,29,4.83,4.94,4.97,5.0,5.0,4.6,4.91,1.49
Beautiful private room with all amenities!!!,Staten Island,40.63856,-74.16957,1,1.0,1.0,50.0,29,59,89,363,5.0,5.0,4.93,5.0,5.0,5.0,5.0,0.82
"Cozy Apt w/Brooklyn Vibe, 1 block from A/C train!",Brooklyn,40.67964,-73.92801,4,1.0,2.0,170.0,18,18,18,18,4.84,4.91,4.97,4.82,4.89,4.81,4.84,1.7
Upper East Side/ East Harlem 1 Bedroom,Manhattan,40.7886,-73.94796,3,1.0,1.0,214.0,2,3,6,218,4.8,4.8,4.8,4.8,5.0,4.8,4.8,1.58
10 Min Walk To Times Square | 1 BR,Manhattan,40.764952927643,-73.98489821945614,4,1.0,1.0,350.0,5,8,11,47,4.84,4.84,4.74,4.95,5.0,4.95,4.89,2.95
Comfy Upper West Side haven,Manhattan,40.80017,-73.96598,2,1.0,1.0,100.0,0,0,0,0,5.0,5.0,5.0,5.0,5.0,4.89,5.0,0.1
Brooklyn Apartment Windsor Terrace,Brooklyn,40.66053,-73.98246,2,1.0,1.0,159.0,12,32,57,237,4.79,4.84,4.91,4.87,4.89,4.92,4.77,1.44
Cozy and comfortable room in Manhattan,Manhattan,40.7898,-73.94006,2,1.0,1.0,101.0,1,1,1,1,4.97,4.97,4.89,4.94,5.0,4.69,4.86,2.7
Minimalistic luxury studio in Midtown Manhattan,Manhattan,40.75951,-73.99583,2,1.0,1.0,240.0,0,6,36,310,5.0,5.0,5.0,5.0,5.0,5.0,5.0,0.22
Double room with shared bath.,Manhattan,40.74567,-73.98284,2,0.0,1.0,75.0,0,0,0,218,4.63,4.77,4.67,5.0,4.8,4.93,4.6,1.41
Charming 1BR Bed-Stuy Garden Apt,Brooklyn,40.69517,-73.93394,4,1.0,1.0,129.0,0,0,0,0,4.63,4.85,4.56,4.95,4.92,4.6,4.66,1.89
Sunny Deck and Private Garden,Brooklyn,40.68929,-73.97759,3,1.0,1.0,220.0,29,59,89,364,5.0,4.86,4.86,4.86,5.0,4.71,4.71,0.2
Cozy private room in beautiful apt,Manhattan,40.85026,-73.94117,1,1.0,1.0,71.0,5,14,15,274,4.85,4.9,4.9,4.78,4.83,4.79,4.84,1.02
Astoria: full apartment,Queens,40.77501,-73.92541,4,1.0,1.0,90.0,0,0,0,0,4.66,4.84,4.84,4.94,4.77,4.65,4.68,0.35
"Spacious Clinton Hill Apartment- Brooklyn, NY",Brooklyn,40.68089,-73.9629,2,1.0,1.0,143.0,20,23,26,59,4.76,4.86,4.88,4.94,4.92,4.53,4.75,5.2
"Arc Magazine Condo w/ Rooftop, Game Lounge & Gym",Brooklyn,40.69863,-73.98252,4,1.0,1.0,162.0,9,23,37,128,4.73,4.85,4.92,4.92,5.0,4.96,4.69,4.76
1-Bedroom Newly Renovated Cozy Apartment,Staten Island,40.54652,-74.17551,4,1.0,1.0,107.0,15,45,75,350,4.88,4.94,5.0,5.0,5.0,4.94,4.94,0.36
Cozy bedroom in East Williamsburg loft.,Brooklyn,40.71553,-73.94671,2,1.0,1.0,95.0,0,0,0,0,5.0,5.0,5.0,5.0,5.0,5.0,5.0,0.01
"Lovely 3-bedroom, 1.5-baths apartment in Bklyn",Brooklyn,40.70873,-73.96518,6,1.5,3.0,179.0,30,56,86,361,4.84,4.95,4.86,4.91,4.95,4.88,4.81,2.59
"Spacious, Modern Chelsea 1bed w/ large living room",Manhattan,40.74114,-73.99987,2,1.0,1.0,125.0,7,32,32,32,4.85,4.93,4.6,4.89,4.96,5.0,4.71,0.75
Grove Queen,Manhattan,40.73544,-73.99747,2,1.0,1.0,394.0,23,53,83,275,4.73,4.74,4.83,4.87,4.86,4.94,4.56,1.48
"Stylish studio in tranquil, tree-lined Park Slope",Brooklyn,40.66796,-73.98199,2,1.0,1.0,101.0,8,38,49,49,5.0,5.0,5.0,5.0,5.0,5.0,5.0,0.35
"Sunny, Quiet, West Village/Meatpacking 1BR",Manhattan,40.73779,-74.00904,2,1.0,1.0,165.0,0,0,0,129,5.0,5.0,5.0,5.0,5.0,5.0,5.0,0.08
Welcoming House near Verrazano Bridge,Staten Island,40.60827,-74.07139,8,1.5,3.0,150.0,0,0,0,0,4.8,4.9,4.86,4.98,4.98,4.94,4.8,0.85
Beautiful Bushwick slice of heaven.,Brooklyn,40.70307,-73.91742,4,1.0,2.0,75.0,0,0,0,0,5.0,4.75,5.0,5.0,5.0,5.0,5.0,0.12
Modern Brooklyn Townhouse â€“ Ground Floor Apartment,Brooklyn,40.66856,-73.94804,4,1.0,1.0,165.0,1,9,15,15,5.0,5.0,5.0,5.0,5.0,4.78,4.89,1.91
Family Room with Kitchen and Shared Bathroom,Manhattan,40.79951,-73.95267,4,1.0,1.0,143.0,10,21,35,277,4.63,4.75,4.88,4.75,5.0,4.75,4.63,1.1
Lovely 1 bdrm in Prospect Heights!,Brooklyn,40.67793,-73.9702,3,1.0,1.0,130.0,0,0,0,0,4.92,4.92,4.83,4.85,4.98,4.92,4.83,0.37
East Village / Alphabet City 1BR,Manhattan,40.72224,-73.97932,2,1.0,1.0,150.0,30,60,90,90,4.96,5.0,4.87,5.0,4.96,4.87,4.91,0.35
Cozy 2 bedroom Modern Private House,Bronx,40.87638,-73.86162,4,1.0,2.0,130.0,25,55,85,360,4.73,4.77,4.78,4.77,4.73,4.77,4.72,4.82
"Serviced Apartment: WiFi, Office, Smart TV: New!",Manhattan,40.77669,-73.94931,2,2.0,1.0,113.0,0,7,20,262,5.0,4.86,4.86,4.71,4.86,4.86,4.86,2.41
Cozy Room by Kaufman Studios,Queens,40.75631,-73.92321,1,1.0,1.0,70.0,23,53,83,358,4.82,4.82,4.73,4.93,4.89,4.8,4.77,0.42
Beautiful floor through  apt in townhouse,Brooklyn,40.66186,-73.95039,2,1.0,1.0,102.0,10,21,35,44,4.86,4.86,4.71,4.9,4.86,4.81,4.81,0.53
Whole place in Bushwick,Brooklyn,40.68273,-73.90922,3,1.0,1.0,123.0,0,0,0,0,5.0,4.75,4.75,5.0,5.0,4.75,5.0,1.36
A little slice of heaven is a click away!,Brooklyn,40.64095,-73.96185,1,1.0,1.0,85.0,0,0,0,0,5.0,5.0,5.0,5.0,5.0,5.0,5.0,0.05
Amazing apartment with gorgeous views,Brooklyn,40.73089,-73.9604,1,1.0,1.0,150.0,20,20,20,83,4.92,5.0,4.71,4.96,4.96,5.0,4.92,0.61
"Sunny, cozy room in Brooklyn.",Brooklyn,40.69602,-73.96182,2,1.0,1.0,66.0,4,14,26,240,4.91,4.94,4.88,4.92,4.97,4.69,4.88,4.27
15 mins to Manhattan! Gorgeous 2 bedroom home!,Queens,40.76959,-73.91861,5,1.0,2.0,190.0,6,13,18,84,4.89,4.92,4.76,4.95,5.0,4.97,4.84,3.94
convenient location in nyc .nearsubway.room3,Manhattan,40.79905,-73.93762,2,1.0,1.0,69.0,0,0,0,0,4.72,4.79,4.62,4.89,4.85,4.72,4.7,1.11
NO CLEANING FEE: Hostel-Style Private Bronx Room,Bronx,40.89781,-73.85693,1,1.0,1.0,43.0,0,0,0,0,4.81,4.86,4.83,4.86,4.86,4.72,4.89,1.89
Amazing Location,Manhattan,40.76235,-73.98863,4,1.0,2.0,269.0,3,5,10,42,4.68,4.68,4.66,4.55,4.95,4.92,4.58,5.59
Housing for SGU/AUA/SABA/ROSS students,Brooklyn,40.6575,-73.92244,1,1.0,3.0,31.0,17,17,38,313,4.8,4.93,4.6,5.0,5.0,4.73,4.87,0.16
"Comfortable Simplistic, 8th Av walk to destination",Manhattan,40.82305,-73.94074,2,1.0,1.0,126.0,1,1,1,1,4.93,4.98,4.98,4.98,5.0,4.78,4.94,0.96
Spacious Sunny Rm in Stylish Duplex,Brooklyn,40.6813,-73.92626,2,1.5,1.0,71.0,0,0,0,0,4.73,4.55,4.64,4.6,4.82,4.6,4.8,0.13
A two-twin beds bedroom in the Bronx!,Bronx,40.81471,-73.90546,2,1.0,1.0,55.0,23,53,83,358,5.0,4.9,5.0,5.0,5.0,4.8,4.9,1.67
"Spacious Brooklyn, New York Retreat",Brooklyn,40.61487,-74.03047,6,1.0,2.0,110.0,3,33,41,158,4.98,4.98,4.97,4.97,4.97,4.7,4.94,1.36
SUITE APARTMENT NEAR LGA,Queens,40.764149,-73.862167,4,1.0,1.0,135.0,28,58,88,362,4.81,4.95,5.0,4.76,4.62,4.9,4.86,2.0
Your first home,Queens,40.75947,-73.87818,1,1.0,1.0,68.0,1,1,1,199,5.0,5.0,5.0,5.0,5.0,5.0,5.0,0.25
Amazing Room! Awesome Price! Canâ€™t wait to meet U!,Brooklyn,40.67889,-73.86755,2,2.0,1.0,88.0,0,0,0,0,4.9,4.8,4.8,4.9,5.0,4.7,4.6,0.22
Cozy 2 Bedroom Apartment in Brooklyn,Brooklyn,40.66444,-73.99461,5,1.0,2.0,129.0,16,31,48,323,4.68,4.81,4.76,4.92,4.83,4.56,4.6,2.75
Beautiful Sunlit Room in Bushwick,Brooklyn,40.70686,-73.92658,2,1.5,1.0,65.0,0,0,0,0,5.0,5.0,4.88,5.0,5.0,5.0,5.0,0.14
Cozy guest room with separate entrance Bushwick,Brooklyn,40.69297,-73.9156,1,1.5,1.0,61.0,24,54,84,356,4.83,5.0,4.67,5.0,4.83,4.83,5.0,1.59
Chic private room in historic Brooklyn townhouse,Brooklyn,40.66171,-73.95699,1,1.0,1.0,85.0,0,0,0,0,5.0,4.97,5.0,4.99,4.99,4.92,4.94,1.74
The Queens Escape,Queens,40.66926,-73.76517,2,1.0,1.0,140.0,25,53,78,247,4.83,5.0,4.97,4.97,5.0,4.72,4.86,3.22
Williamsburg (Bedford L)Spacious Apt 100%Sanitized,Brooklyn,40.71336,-73.96411,2,1.5,1.0,212.0,6,10,18,74,4.83,4.88,4.86,4.81,4.97,4.96,4.68,3.26
Mellow Private Room near LGA,Queens,40.74986,-73.88164,2,1.0,1.0,70.0,0,0,0,0,5.0,5.0,4.67,5.0,5.0,5.0,5.0,0.16
Private Brooklyn Bedroom & Bathroom (no kitchen),Brooklyn,40.69148,-73.94687,2,1.0,1.0,99.0,17,24,30,290,4.87,4.84,4.64,4.96,4.96,4.78,4.75,0.97
Brooklyn Oasis,Brooklyn,40.6763,-73.93109,2,1.0,1.0,64.0,7,15,33,237,4.86,4.9,4.79,4.88,4.92,4.74,4.89,4.34
Beach oasis short walk from beach w/ new backyard,Queens,40.597020992586174,-73.79650607672119,4,1.0,1.0,129.0,2,32,62,156,5.0,5.0,5.0,5.0,5.0,4.9,4.9,1.28
Williamsburg  Duplex Loft of Lorimer L,Brooklyn,40.71535,-73.95454,2,1.0,2.0,180.0,0,0,16,143,5.0,4.8,5.0,4.8,5.0,5.0,4.8,0.1
Art Gallery apartment in a Queensâ€™ Victorian house,Queens,40.69457,-73.86173,6,1.0,3.0,214.0,2,14,29,288,4.9,4.94,4.81,5.0,4.99,4.75,4.86,1.48
Lovely 1-bedroom rental in the Upper East Side,Manhattan,40.77364,-73.95563,2,1.0,1.0,155.0,16,30,44,286,4.67,5.0,4.67,5.0,4.67,5.0,5.0,0.78
Super Private suite 19 min fmJFK/Prvt bathroom,Queens,40.68274,-73.86265,2,1.0,1.0,55.0,5,22,38,158,4.69,4.69,4.85,5.0,4.69,4.85,4.62,0.32
Tigerâ€™s Rest,Brooklyn,40.68178,-73.90575,2,1.0,1.0,120.0,7,18,18,18,4.65,4.77,4.8,4.69,4.77,4.66,4.65,1.77
Spacious Ground/Garden Apt! in Brooklyn Townhouse,Brooklyn,40.68676,-73.95635,4,1.0,1.0,200.0,0,0,0,0,4.71,4.79,4.79,4.86,4.96,4.68,4.68,0.58
Williamsburg Luxury Privte 1B 1B &Balcony View,Brooklyn,40.7179,-73.96412,2,1.0,1.0,115.0,25,55,85,85,4.75,4.74,4.65,4.88,4.89,4.95,4.75,1.05
Stylish 1 BD APT in Hell's Kitchen,Manhattan,40.76319,-73.99011,4,1.0,1.0,414.0,17,30,48,149,5.0,5.0,4.93,4.93,4.93,4.97,5.0,3.95
"Simple,clean,cozy room with lock and key #2 ,",Bronx,40.89429,-73.85867,2,1.0,1.0,60.0,28,58,88,88,4.72,4.67,4.76,4.9,4.85,4.61,4.77,2.39
Huge Private Room in Williamsburg/Buschwick!!,Brooklyn,40.70842,-73.94147,2,1.5,1.0,55.0,0,0,0,0,5.0,5.0,5.0,5.0,5.0,5.0,5.0,0.02
Astoria's Casa Oasis (2 BR Perfect for Families!),Queens,40.77054,-73.90586,7,1.0,2.0,102.0,3,20,44,134,4.99,4.94,5.0,4.96,4.99,4.89,4.91,4.54
"Vibey Apartment, Empire State Bldg & Times Square!",Manhattan,40.74577,-73.97861,2,1.0,1.0,175.0,0,0,0,0,4.93,4.87,4.87,4.93,4.93,4.8,4.8,0.34
Room in a charming and spacious apartment in DUMBO,Brooklyn,40.70093,-73.98064,1,1.0,1.0,79.0,9,9,9,128,4.92,4.92,4.75,5.0,5.0,4.83,4.92,0.18
Jefferson Estates,Brooklyn,40.69075,-73.93261,8,1.0,2.0,195.0,9,10,20,148,4.91,4.89,4.9,4.94,4.97,4.71,4.84,2.34
Modern luxurious 1BR in the heart of Forest Hills,Queens,40.71955,-73.84381,3,1.0,1.0,150.0,30,60,90,270,5.0,5.0,5.0,5.0,5.0,5.0,5.0,0.19
The Boho Coze Studio,Brooklyn,40.71461673223691,-73.94875590376755,2,1.0,1.0,155.0,0,0,8,8,5.0,5.0,5.0,5.0,5.0,5.0,5.0,1.0
SUPER CLEAN UES rm 2 blks from Mt. Sinai Hospital!,Manhattan,40.789413,-73.948967,2,1.0,1.0,100.0,0,0,0,66,4.9,4.91,4.93,4.95,4.95,4.87,4.85,2.18
"Spacious oasis - office, private garden & parking",Brooklyn,40.68506,-73.961,4,1.0,2.0,175.0,0,0,0,0,5.0,5.0,5.0,5.0,5.0,5.0,4.83,0.19
Brand new construction nobody lived before 750sq,Staten Island,40.52339,-74.20517,3,1.0,1.0,118.0,30,60,90,179,5.0,5.0,5.0,5.0,5.0,5.0,5.0,0.32
New renovated 3 bedrooms lovely apt in Brooklyn,Brooklyn,40.62455,-74.00803,10,2.0,3.0,300.0,30,54,81,356,5.0,5.0,4.77,5.0,4.92,4.77,5.0,1.84
A Holiday getaway in the heart of East Village,Manhattan,40.73099,-73.98169,2,1.0,1.0,99.0,0,0,0,0,5.0,5.0,5.0,5.0,5.0,5.0,5.0,0.02
Charming 1 Bedroom Apt-Hell's Kitchen (Manhattan),Manhattan,40.76419,-73.99148,2,1.0,1.0,250.0,6,6,6,6,4.91,4.97,4.88,4.97,5.0,4.97,4.81,1.03
Chooklyn Farms: Private Room in Brooklyn,Brooklyn,40.69357,-73.97124,2,1.0,1.0,66.0,13,13,13,13,4.79,4.86,4.7,4.91,4.8,4.8,4.77,3.25
Bright & Spacious One Bedroom in Crown Heights,Brooklyn,40.66804,-73.92626,4,1.0,1.0,77.0,0,5,26,116,5.0,5.0,4.71,5.0,5.0,5.0,5.0,0.09
Bright Madison Ave Gem,Manhattan,40.77573,-73.96167,2,1.0,1.0,350.0,10,10,10,73,5.0,4.73,5.0,5.0,4.91,4.91,4.82,0.53
Lux 4-Bedroom House By Beach Subway JFK Airport,Queens,40.59018,-73.79351,8,2.0,4.0,250.0,0,0,0,249,5.0,4.6,5.0,4.8,4.6,5.0,4.6,0.26
Quiet/clean 1br WashHeights/Inwood Entire apt,Manhattan,40.85434,-73.93282,3,1.0,1.0,100.0,0,0,0,0,4.82,4.65,4.88,4.65,4.94,4.76,4.76,0.27
Chelsea Gem - prime location!,Manhattan,40.74421,-73.99922,2,1.0,1.0,175.0,0,19,19,83,4.84,4.95,4.66,4.89,4.95,4.97,4.71,0.6
2BR Flex w/CV: Cleaning CDC guidelines implemented,Brooklyn,40.72756,-73.9407,5,1.0,2.0,179.0,0,20,36,280,4.78,4.88,4.89,5.0,4.94,4.59,4.53,0.22
"Stay at the ""Claudette"" guest room in SoHa",Manhattan,40.80191,-73.95637,2,1.0,1.0,102.0,4,6,9,16,4.86,4.92,4.97,4.93,4.96,4.87,4.8,2.04
cozy garden brownstone,Brooklyn,40.68972,-73.93183,2,1.0,1.0,35.0,0,0,0,0,5.0,5.0,5.0,5.0,5.0,5.0,5.0,0.05
Stylish Studio 4 Prospect Heights!,Brooklyn,40.67944,-73.96693,2,1.0,1.0,117.0,2,7,17,240,4.69,4.77,4.54,4.92,4.77,4.85,4.69,0.73
Great Room Avilb Close to Empire State Bldg &Subwy,Manhattan,40.74128,-73.97863,2,1.0,2.0,73.0,0,0,0,0,5.0,5.0,5.0,5.0,5.0,5.0,5.0,0.33
Crown Heights Haven ~12 Min Walk to Subway,Brooklyn,40.65913,-73.93535,1,1.0,1.0,45.0,7,37,67,157,4.77,4.71,4.77,4.68,4.81,4.58,4.61,0.85
Private room w/extra coffee room,Queens,40.7864291,-73.8484191,2,1.0,1.0,55.0,21,51,80,80,4.8,5.0,5.0,5.0,5.0,5.0,5.0,1.67
Upper East Renovated 1 Bedroom,Manhattan,40.78848,-73.9474,1,1.0,1.0,55.0,0,0,0,0,5.0,5.0,5.0,5.0,5.0,4.67,5.0,0.03
Cozy OASIS in Bed-Stuy BK,Brooklyn,40.69078,-73.93732,2,1.0,1.0,125.0,18,36,66,66,4.86,4.71,4.86,4.71,4.71,4.57,4.86,1.41
"Rosa. Private Entire 2nd Floor, Bright, Safe",Queens,40.7288,-73.86792,4,1.0,2.0,99.0,0,0,0,0,4.86,4.9,4.82,4.96,5.0,4.76,4.84,0.86
Hipster's Haven @ The Carriage House on Dean,Brooklyn,40.67569,-73.94454,4,2.0,2.0,120.0,6,15,19,159,4.78,4.81,4.78,4.88,4.88,4.67,4.78,2.75
Private 1Br aparmtent on Floor 1 of my house,Staten Island,40.55621,-74.15805,3,1.0,1.0,83.0,20,46,46,46,4.84,4.86,4.92,4.96,4.9,4.73,4.84,0.66
Luxurious 3 Bed Room House-Near by LGA-3rd floor,Queens,40.75628,-73.89541,7,1.0,3.0,350.0,30,60,90,365,5.0,5.0,5.0,5.0,5.0,5.0,5.0,1.4
Lovely EV Artist's Home,Manhattan,40.72289,-73.98028,2,1.0,1.0,220.0,0,5,35,125,4.8,4.74,4.9,4.98,4.98,4.56,4.55,0.34
Sleeps 4* Whole Apartment *FREE Breakfast,Manhattan,40.823902,-73.9460278,4,1.0,1.0,143.0,14,24,51,326,4.94,4.94,5.0,4.88,4.94,5.0,4.94,3.08
"Lovely, quite, private bedroom, ideal location",Manhattan,40.794871,-73.97081100000001,2,1.0,1.0,180.0,0,0,10,10,4.96,4.92,4.96,4.92,4.92,4.96,4.88,3.29
Harlem Hideaway w/ private yard - long term OK,Manhattan,40.814,-73.95004,3,2.0,2.0,300.0,0,0,0,0,4.8,4.83,4.67,4.93,4.87,4.8,4.72,1.12
Spacious & Renovated 3BR Loft! Prime Midtown West!,Manhattan,40.75498,-73.99392,7,1.0,3.0,217.0,4,23,46,191,5.0,5.0,5.0,5.0,5.0,5.0,5.0,1.7
*Unique Master BR in Battery Park!*,Manhattan,40.71051,-74.01724,2,1.0,1.0,65.0,0,0,0,0,5.0,4.88,5.0,4.63,4.88,4.88,5.0,0.08
"Lovely, Spacious Cottage in Ditmas Park",Brooklyn,40.63906,-73.96532,6,2.0,4.0,185.0,0,0,0,0,5.0,4.75,4.75,4.75,5.0,5.0,5.0,0.08
Malcolm 3 - Beautiful New Private Bedroom,Brooklyn,40.69126,-73.93196,2,2.0,1.0,46.0,23,53,83,83,4.93,4.73,4.93,4.93,5.0,4.87,4.8,5.0
Charming APT W/ Access to NYC Transit - Quiet/Safe,Staten Island,40.54335,-74.16679,3,1.0,2.0,90.0,30,60,89,89,4.71,4.71,4.76,4.82,4.88,4.71,4.71,1.47
*RARE* Large 1 BD 1.5 BA in heart of East Village,Manhattan,40.72623,-73.99204,3,1.5,1.0,210.0,0,0,0,0,4.94,4.9,4.9,4.87,4.94,5.0,4.81,1.15
Cozy 2 bedroom apartment with hotel-like features,Brooklyn,40.67555,-73.88711,4,1.0,2.0,150.0,30,60,90,365,4.76,4.89,4.96,5.0,4.98,4.56,4.78,2.61
Luxurious 1 bedroom with a spectacular view,Brooklyn,40.70851,-73.95837,2,1.0,1.0,260.0,0,0,0,0,5.0,5.0,5.0,5.0,5.0,5.0,5.0,0.09
Close to everything - Jr 1 bedroom,Manhattan,40.70867,-74.00499,2,1.0,1.0,130.0,0,0,0,0,5.0,5.0,5.0,5.0,5.0,4.83,4.67,0.06
Trendy studio apartment in the heart of NYC.,Manhattan,40.75575,-73.99496,2,1.0,1.0,185.0,10,10,16,96,4.85,4.83,4.91,4.69,4.85,4.63,4.67,3.87
"Cozy Apt in Bushwick, Brooklyn!",Brooklyn,40.70294,-73.92652,2,1.0,1.0,119.0,0,0,0,0,4.82,4.8,4.6,5.0,5.0,4.64,4.64,0.11
Brooklyn private room&balcony,Brooklyn,40.69951,-73.94123,2,1.0,1.0,70.0,0,0,0,0,4.83,5.0,4.75,4.92,4.92,4.83,4.92,0.19
Red Brick Landmark Home Unit 3,Brooklyn,40.67891,-73.93957,4,1.0,2.0,136.0,11,11,13,154,4.95,4.8,4.98,4.93,5.0,4.82,4.86,2.86
Fresh,Queens,40.73003,-73.77793,1,1.0,1.0,80.0,0,0,0,0,5.0,5.0,5.0,5.0,5.0,5.0,5.0,0.04
"UES area ,Luxury modern quiet private Apt",Manhattan,40.78719,-73.94811,3,1.0,1.0,195.0,24,47,70,337,4.71,4.83,4.83,4.7,4.84,4.57,4.55,1.5
Excelente HabitaciÃ³n cama King Size,Staten Island,40.62411,-74.16562,3,1.0,1.0,99.0,30,60,90,364,5.0,4.8,5.0,4.8,5.0,4.6,4.6,1.01
Private Room next to Park - 5 mins to subways!,Manhattan,40.7971,-73.94748,1,1.0,1.0,65.0,0,0,0,156,4.84,4.88,4.98,4.92,4.94,4.75,4.8,0.45
æ—…é€”ä¸­çš„å®¶,Queens,40.76664,-73.81944,3,1.0,1.0,52.0,0,0,0,0,4.85,4.86,4.92,4.92,4.88,4.65,4.81,1.65
Brooklyn Elegant Studio,Brooklyn,40.62441731986846,-73.92434932520527,2,1.0,1.0,79.0,4,23,44,92,5.0,5.0,5.0,5.0,5.0,4.89,4.89,3.75
"Chic, clean, and comfortable!",Queens,40.76739,-73.91768,2,1.0,1.0,80.0,0,0,0,0,4.82,4.91,4.82,5.0,4.73,4.64,5.0,0.11
"Private, Cozy hideaway apt in Bklyn for 1 to 4",Brooklyn,40.64234,-73.89033,4,1.0,1.0,102.0,0,5,9,284,4.84,4.84,4.95,4.92,4.94,4.67,4.83,1.16
Gorgeous apartment in Brownstone,Brooklyn,40.66854,-73.98624,2,1.0,1.0,96.0,6,10,16,191,4.89,4.95,4.76,4.98,4.97,4.96,4.89,3.0
Beautiful 1 Bed  - Great Transport Links,Manhattan,40.78393,-73.9786,2,1.0,1.0,75.0,0,0,0,0,5.0,5.0,5.0,5.0,5.0,5.0,5.0,0.03
Sunny & Zen Ruby Bedroom in Brooklyn Townhouse,Brooklyn,40.67878,-73.9674,2,1.5,1.0,110.0,24,50,50,50,5.0,5.0,5.0,5.0,5.0,4.83,5.0,1.4
Cozy Private Room in Astoria minutes to NYC,Queens,40.77853,-73.91459,1,1.0,1.0,43.0,5,7,18,33,4.78,4.89,4.82,4.91,4.91,4.88,4.81,2.7
"Bushwick,Luxury building, Balcony, Gym, room #219",Brooklyn,40.68755,-73.919,1,1.0,1.0,34.0,0,0,0,125,5.0,5.0,5.0,5.0,5.0,5.0,5.0,0.15
WILLIAMSBURG CONDO - Central & Modern 1BR,Brooklyn,40.71507,-73.95768,2,1.0,1.0,275.0,0,0,0,0,5.0,5.0,5.0,5.0,5.0,5.0,4.75,0.11
Upper East Side private bedroom near Central Park,Manhattan,40.79103,-73.94832,2,1.0,1.0,75.0,0,0,0,0,4.71,4.94,4.8,4.97,5.0,4.76,4.88,0.4
1 Bdr Apartment in the center of Manhattan,Manhattan,40.767,-73.98176,3,1.0,1.0,356.0,0,6,36,36,5.0,5.0,5.0,5.0,5.0,5.0,5.0,0.35
West Village Ground Floor Studio,Manhattan,40.73373,-74.00647,2,1.0,1.0,199.0,0,0,0,0,5.0,5.0,5.0,5.0,5.0,5.0,5.0,0.01
Luxury & Modern Apartment,Queens,40.77298,-73.91008,2,1.0,1.0,145.0,17,30,60,240,5.0,5.0,5.0,5.0,5.0,5.0,5.0,0.33
Cozy 1 Bedroom rental unit in Greenpoint Brooklyn,Brooklyn,40.73763,-73.95416,2,1.0,1.0,145.0,8,38,66,309,5.0,5.0,5.0,5.0,5.0,5.0,4.75,0.63
"Luxury private 1 bedroom suite, entire first floor",Brooklyn,40.606375564394334,-73.95587338038334,3,1.0,1.0,136.0,7,31,61,61,5.0,5.0,5.0,5.0,5.0,5.0,5.0,3.19
DUMBO Waterfront 1.5 bed with city views,Brooklyn,40.70407,-73.98824,4,1.0,2.0,155.0,0,0,0,0,5.0,5.0,5.0,5.0,5.0,5.0,5.0,0.03
TWO Bedroom Apartment | UES 74th St,Manhattan,40.7711,-73.95676,4,1.0,2.0,103.0,17,47,74,277,5.0,5.0,5.0,5.0,5.0,5.0,5.0,0.2
Sunny Bedroom with Private Bathroom/æ³•æ‹‰ç››ä¸­å¿ƒç§äººæˆ¿é–“ç¨ç«‹è¡›æµ´,Queens,40.76554,-73.83042,1,1.0,1.0,60.0,0,4,31,31,4.73,4.89,4.75,4.93,4.92,4.88,4.82,2.57
Townhouse in best Brooklyn neighborhood,Brooklyn,40.67884,-73.99149,4,2.5,2.0,295.0,0,0,1,75,5.0,4.83,4.83,5.0,5.0,5.0,4.83,0.86
NYC Blue Bungalow-Flex Chk In Times,Manhattan,40.82364,-73.94692,2,1.0,1.0,120.0,30,60,90,180,4.91,4.91,5.0,4.91,4.73,4.82,4.82,0.31
Sunny Private Bedroom w/ Private Bathroom!,Brooklyn,40.70105,-73.94221,2,1.0,1.0,90.0,2,9,18,42,4.67,4.87,4.72,4.91,4.8,4.62,4.71,1.95
"Sunny, Clean, Minimal, Modern Apt",Manhattan,40.7211,-73.98271,2,1.0,1.0,200.0,19,29,50,97,4.7,4.76,4.64,4.75,4.82,4.75,4.66,0.26
CITY VIEWS +OUTDOOR SPACE/BREAKFAST/COFFEE/PEACE,Brooklyn,40.69019,-73.95321,3,1.0,1.0,300.0,0,4,34,168,4.89,4.89,4.67,5.0,5.0,4.89,4.59,1.33
Homey Room w/ Lots of Sunlight!,Manhattan,40.84429,-73.93765,1,1.0,1.0,45.0,0,0,0,0,5.0,5.0,5.0,5.0,5.0,5.0,5.0,0.03
Beautiful & Modern 2 bedroom apartment,Manhattan,40.76133,-73.99407,4,1.0,2.0,142.0,0,0,21,296,5.0,4.8,4.8,5.0,5.0,4.8,4.6,0.25
Cozy bedrm #3 Front in fast-paced central Brooklyn,Brooklyn,40.64418,-73.99098,3,1.0,1.0,40.0,30,60,90,180,4.71,4.94,4.71,5.0,4.94,4.76,4.76,0.38
Cozy Denn near JFK,Queens,40.65821,-73.75623,6,1.0,2.0,120.0,22,46,73,319,4.92,4.92,4.95,4.92,4.92,4.9,4.9,2.66
Sunny 3bd East Village Homeâ¤ï¸,Manhattan,40.7225,-73.97953,8,2.0,3.0,299.0,0,0,0,0,4.78,4.89,4.67,5.0,5.0,4.78,4.89,0.24
Huge Home w/ Private Yard (1100 sq ft /100 sq m),Brooklyn,40.73268,-73.95824,4,1.5,1.0,115.0,0,0,0,0,4.95,4.95,4.86,5.0,5.0,5.0,4.95,0.26
78-1B  New 1BR prime UES WD in unit BEST VALUE,Manhattan,40.77309,-73.95563,3,1.0,1.0,115.0,0,4,34,309,5.0,4.67,5.0,5.0,5.0,5.0,5.0,0.21
Modern 1 bedroom apartment in EV,Manhattan,40.72979,-73.98099,2,1.5,1.0,321.0,5,5,5,18,5.0,5.0,5.0,5.0,5.0,5.0,5.0,0.34
Cozy Studio Sanctuary on the Upper West Side,Manhattan,40.84038,-73.93954,2,1.0,1.0,115.0,3,28,49,303,4.83,5.0,5.0,5.0,5.0,4.67,4.67,0.53
Coote Luxe Suite - Modern and Comfortable  APT,Brooklyn,40.64264,-73.88936,2,1.0,1.0,100.0,0,0,0,0,4.92,4.95,4.97,4.92,4.97,4.89,4.97,0.83
Conveniently located Central Harlem,Manhattan,40.81361,-73.94571,4,1.0,1.0,60.0,0,0,0,0,4.95,4.95,5.0,4.95,5.0,4.57,5.0,0.25
"Lovely room with private bathroom, near Manhattan",Queens,40.73669,-73.9206,2,1.5,1.0,63.0,24,54,84,355,4.63,4.68,4.51,4.81,4.81,4.66,4.54,1.32
"Cute, cozy and comfy apt. in the Bronx!",Bronx,40.87934,-73.86055,4,1.0,2.0,120.0,1,22,52,226,4.59,4.85,4.65,4.85,4.78,4.72,4.63,1.41
Verona TwentyOne - RODFRED COMFORT,Brooklyn,40.67987,-73.94863,2,1.0,1.0,120.0,0,0,0,33,4.91,4.96,4.91,4.97,4.93,4.83,4.88,4.76
Wonderful East Village Bedroom,Manhattan,40.72895,-73.98736,2,1.0,1.0,80.0,0,0,0,0,4.78,4.95,4.7,4.95,4.97,4.86,4.73,0.46
Beautiful and spacious studio in East Harlem,Manhattan,40.79642,-73.94373,2,1.0,1.0,100.0,30,56,60,150,5.0,5.0,5.0,5.0,5.0,5.0,5.0,0.07
Spacious / Garden Condo Ft. Greene,Brooklyn,40.68664,-73.97034,5,1.5,3.0,185.0,0,0,0,0,5.0,5.0,5.0,5.0,5.0,5.0,5.0,0.01
Lovely 1-bedroom apartment in Prime Williamsburg,Brooklyn,40.71837,-73.95117,2,1.0,1.0,200.0,0,10,10,10,5.0,5.0,5.0,5.0,5.0,5.0,5.0,0.24
"2BR NEWLY RENOVATED LUXURY APARTMENT, NEAR JFK",Queens,40.66048,-73.73905,5,1.0,2.0,144.0,30,60,90,180,4.95,4.88,4.98,4.98,4.91,4.82,4.82,2.67
East Harlem Hideaway! 7 minute walk to subway!,Manhattan,40.80732,-73.93729,3,1.0,1.0,150.0,0,0,0,0,5.0,5.0,5.0,5.0,5.0,5.0,5.0,0.05
Cozy Apartment Near LaGuardia Airport (LGA),Queens,40.76241,-73.87588,3,1.0,1.0,120.0,30,60,90,269,5.0,5.0,5.0,5.0,5.0,5.0,5.0,0.64
Fancy Studio,Manhattan,40.74293,-73.98542,2,1.0,1.0,119.0,24,54,84,359,4.67,4.67,4.67,4.67,4.67,4.67,4.67,0.8
Spacious 2br Fort Greene apartment with yard!,Brooklyn,40.68925,-73.97237,4,2.0,2.0,150.0,0,0,0,0,5.0,5.0,5.0,5.0,5.0,5.0,5.0,0.02
Sunny 1-Bdrm Near Shopping,Brooklyn,40.64677,-73.96012,4,1.0,1.0,60.0,0,0,0,0,4.67,5.0,5.0,4.67,5.0,5.0,5.0,0.06
"Stunning 1Br, w/balcony, elevator bld, nr Flatiron",Manhattan,40.7426,-73.99759,2,1.0,1.0,250.0,5,26,34,309,5.0,5.0,5.0,5.0,5.0,5.0,5.0,0.36
Classic Brownstone Apartment,Manhattan,40.80988,-73.94403,2,1.0,1.0,94.0,30,60,90,365,4.68,4.82,4.8,4.83,4.78,4.55,4.58,3.28
Cozy 1-bedroom suite near JFK,Queens,40.6972776,-73.7459215,2,1.0,1.0,100.0,4,34,52,327,5.0,5.0,5.0,5.0,5.0,5.0,5.0,1.0
Delightfully Cozy BeachHouse | Trendy Bushwick 1br,Brooklyn,40.70139,-73.91474,2,1.0,1.0,214.0,0,0,0,0,5.0,5.0,4.86,5.0,5.0,5.0,4.86,0.28
Spacious 1BR Apartment w Parking,Brooklyn,40.69077,-73.9045,4,1.0,1.0,163.0,30,60,79,354,4.88,4.88,4.88,4.88,4.88,4.88,4.75,3.0
Stylish Bed Stuy Garden,Brooklyn,40.68655,-73.93226,4,1.0,1.0,200.0,1,8,33,33,4.97,5.0,5.0,5.0,5.0,4.81,4.97,2.63
Entire fully furnished 1 Bed/1 Bath w/French Doors,Manhattan,40.80637,-73.94267,2,1.0,1.0,119.0,0,0,0,0,4.82,4.88,4.88,4.94,5.0,4.65,4.94,0.32
Room in a 4BR2BA apt. 7mins from 40/46 St Station,Queens,40.74778,-73.91979,1,1.0,1.0,43.0,17,47,77,352,5.0,5.0,5.0,5.0,5.0,5.0,5.0,0.07
Brooklyn 1-Bedroom with Skyline Views,Brooklyn,40.68223,-73.95269,2,1.0,1.0,60.0,0,0,0,0,4.88,4.88,4.94,5.0,5.0,4.86,4.86,0.23
Beautiful Room in Williamsburg,Brooklyn,40.69918739150841,-73.94345546606709,2,1.5,1.0,81.0,11,41,71,346,5.0,5.0,5.0,5.0,5.0,5.0,5.0,1.0
Suite King Size Bed+Love seat+Massage Chair+more,Queens,40.75314,-73.89474,2,1.0,1.0,129.0,19,49,79,354,4.89,5.0,4.89,4.67,4.89,4.89,4.56,0.6
Warm Cosy Room,Queens,40.7113,-73.77819,1,1.0,1.0,45.0,30,60,89,89,4.87,4.67,4.8,4.73,4.8,4.67,4.67,1.76
"1st floor, Beautiful open studio apartment$88",Brooklyn,40.678398,-73.909744,2,1.0,1.0,86.0,9,20,25,276,4.71,4.75,4.64,4.75,4.96,4.54,4.79,3.36
Spacious room in beautiful apt!,Manhattan,40.81847,-73.94623,2,1.0,1.0,58.0,0,0,0,0,4.85,4.91,4.83,4.92,4.9,4.75,4.87,1.5
Upper East Side / Lenox Hill 1 Bedroom Apartment,Manhattan,40.76279,-73.96398,2,1.0,1.0,225.0,0,0,0,0,5.0,5.0,5.0,5.0,5.0,5.0,5.0,0.06
Private Bedroom one block away from Central Park,Manhattan,40.76358,-73.97115,2,1.0,1.0,316.0,28,58,88,363,5.0,5.0,5.0,5.0,5.0,5.0,5.0,0.72
Best View/Luxury Building/Time Squ.,Manhattan,40.75742,-73.99342,2,1.0,1.0,105.0,0,0,0,0,4.78,5.0,4.89,5.0,4.89,4.89,4.89,0.11
A Very Mary Loft 4bed/1bath Williamsburg Loft,Brooklyn,40.70763290834883,-73.95067657567303,5,1.0,4.0,264.0,9,30,58,324,4.88,4.75,4.81,4.69,4.88,4.56,4.88,4.36
Exclusive Private Room 512 | Shared Bathroom Only,Manhattan,40.74683,-73.98671,4,0.0,1.0,74.0,9,27,57,236,4.74,4.79,4.79,4.63,4.74,4.95,4.63,1.99
Gorgeous Apartment in Literally Perfect Location,Manhattan,40.73389,-73.98604,4,1.0,1.0,106.0,0,0,0,0,4.82,4.77,4.64,4.85,4.9,4.95,4.69,0.61
Bright & Sunny 1Bed in Prime Williamsburg Location,Brooklyn,40.71336,-73.95495,4,1.0,1.0,100.0,0,0,0,0,5.0,5.0,5.0,5.0,5.0,5.0,5.0,0.04
